{"stats":{"minecraft:picked_up":{"minecraft:brown_mushroom":5,"minecraft:oak_log":8,"minecraft:carrot":4,"minecraft:oak_sapling":1,"minecraft:dirt":3},"minecraft:mined":{"minecraft:grass":1,"minecraft:grass_block":2,"minecraft:oak_log":8,"minecraft:dirt":1,"minecraft:oak_leaves":2},"minecraft:used":{"minecraft:iron_chestplate":1,"minecraft:dirt":2,"minecraft:oak_planks":1,"minecraft:iron_helmet":1,"minecraft:iron_boots":1,"minecraft:iron_leggings":1},"minecraft:killed_by":{"minecraft:spider":1,"minecraft:zombie":1},"minecraft:crafted":{"minecraft:iron_leggings":1,"minecraft:oak_planks":32,"minecraft:iron_boots":1,"minecraft:iron_chestplate":1,"minecraft:iron_helmet":1},"minecraft:custom":{"minecraft:time_since_rest":5427,"minecraft:open_chest":21,"minecraft:damage_taken":580,"minecraft:crouch_one_cm":487,"minecraft:play_time":12682,"minecraft:sprint_one_cm":25997,"minecraft:walk_one_cm":26891,"minecraft:deaths":2,"minecraft:sneak_time":163,"minecraft:jump":173,"minecraft:damage_dealt":26,"minecraft:leave_game":6,"minecraft:time_since_death":7496,"minecraft:sleep_in_bed":2,"minecraft:climb_one_cm":149,"minecraft:total_world_time":12682,"minecraft:interact_with_crafting_table":2,"minecraft:fall_one_cm":3049,"minecraft:fly_one_cm":29096}},"DataVersion":3465}