{"stats":{"minecraft:custom":{"minecraft:jump":29,"minecraft:open_chest":42,"minecraft:time_since_rest":20349,"minecraft:damage_dealt":2,"minecraft:interact_with_furnace":15,"minecraft:leave_game":9,"minecraft:sprint_one_cm":10317,"minecraft:play_time":20349,"minecraft:time_since_death":20349,"minecraft:walk_one_cm":27891,"minecraft:sneak_time":4,"minecraft:total_world_time":20349,"minecraft:interact_with_crafting_table":2,"minecraft:drop":3,"minecraft:fall_one_cm":418,"minecraft:fly_one_cm":2780},"minecraft:picked_up":{"minecraft:gold_nugget":3},"minecraft:dropped":{"minecraft:gold_nugget":3}},"DataVersion":3465}