{"stats":{"minecraft:picked_up":{"minecraft:dirt":3},"minecraft:mined":{"minecraft:grass_block":2,"minecraft:dirt":1},"minecraft:used":{"minecraft:dirt":2},"minecraft:killed_by":{"minecraft:zombie":1},"minecraft:custom":{"minecraft:jump":67,"minecraft:open_chest":4,"minecraft:time_since_rest":25,"minecraft:deaths":1,"minecraft:damage_dealt":26,"minecraft:crouch_one_cm":233,"minecraft:sprint_one_cm":13703,"minecraft:leave_game":2,"minecraft:play_time":4214,"minecraft:damage_taken":230,"minecraft:time_since_death":0,"minecraft:walk_one_cm":11181,"minecraft:sneak_time":98,"minecraft:total_world_time":4214,"minecraft:fall_one_cm":725,"minecraft:fly_one_cm":14978}},"DataVersion":3465}