{"stats":{"minecraft:picked_up":{"minecraft:carrot":4,"minecraft:dirt":3},"minecraft:mined":{"minecraft:grass_block":2,"minecraft:dirt":1},"minecraft:used":{"minecraft:dirt":2},"minecraft:killed_by":{"minecraft:zombie":1,"minecraft:spider":1},"minecraft:custom":{"minecraft:jump":107,"minecraft:open_chest":12,"minecraft:time_since_rest":850,"minecraft:damage_taken":580,"minecraft:leave_game":4,"minecraft:damage_dealt":26,"minecraft:crouch_one_cm":234,"minecraft:sprint_one_cm":18761,"minecraft:play_time":8105,"minecraft:walk_one_cm":20127,"minecraft:time_since_death":2919,"minecraft:deaths":2,"minecraft:sleep_in_bed":2,"minecraft:sneak_time":113,"minecraft:total_world_time":8105,"minecraft:fall_one_cm":1886,"minecraft:fly_one_cm":22354}},"DataVersion":3465}