{"stats":{"minecraft:dropped":{"minecraft:bread":9,"minecraft:birch_planks":45,"minecraft:wheat_seeds":55,"minecraft:baked_potato":18,"minecraft:diamond":37,"minecraft:lead":2,"minecraft:cobblestone":141,"minecraft:copper_ingot":3,"minecraft:grass_block":1,"minecraft:coal":3,"minecraft:cod":6,"minecraft:stick":9,"minecraft:cobblestone_stairs":1,"minecraft:dirt":9,"minecraft:diorite":36,"minecraft:torch":3,"minecraft:wooden_sword":2,"minecraft:bone_meal":30,"minecraft:iron_pickaxe":1,"minecraft:iron_shovel":2,"minecraft:string":1,"minecraft:gravel":38,"minecraft:stone_axe":1,"minecraft:cobbled_deepslate":37,"minecraft:bowl":1,"minecraft:tuff":63,"minecraft:wheat":18,"minecraft:rotten_flesh":10,"minecraft:oak_planks":30,"minecraft:salmon":3,"minecraft:poppy":1,"minecraft:potato":4,"minecraft:andesite":23,"minecraft:spider_eye":3,"minecraft:diamond_boots":1,"minecraft:bow":1,"minecraft:wooden_pickaxe":2,"minecraft:stone_pickaxe":1},"minecraft:picked_up":{"minecraft:crafting_table":1,"minecraft:wheat":28,"minecraft:brown_mushroom":4,"minecraft:lead":2,"minecraft:wooden_pickaxe":1,"minecraft:gold_block":1,"minecraft:brewing_stand":1,"minecraft:string":8,"minecraft:wooden_sword":1,"minecraft:iron_shovel":2,"minecraft:cobbled_deepslate":657,"minecraft:beef":35,"minecraft:redstone_torch":22,"minecraft:observer":2,"minecraft:iron_pickaxe":1,"minecraft:sugar_cane":82,"minecraft:piston":3,"minecraft:egg":1,"minecraft:stick":7,"minecraft:raw_iron":287,"minecraft:oak_fence":6,"minecraft:torch":19,"minecraft:bowl":1,"minecraft:pointed_dripstone":17,"minecraft:diorite":61,"minecraft:carrot":10,"minecraft:redstone":26,"minecraft:cauldron":6,"minecraft:arrow":25,"minecraft:rotten_flesh":14,"minecraft:hay_block":18,"minecraft:obsidian":4,"minecraft:cod":6,"minecraft:white_wool":3,"minecraft:cobblestone":1006,"minecraft:birch_log":14,"minecraft:repeater":4,"minecraft:andesite":31,"minecraft:glow_ink_sac":2,"minecraft:salmon":3,"minecraft:leather":25,"minecraft:potato":42,"minecraft:birch_planks":44,"minecraft:flint":3,"minecraft:tuff":131,"minecraft:oak_log":38,"minecraft:cobblestone_stairs":1,"minecraft:dirt":163,"minecraft:lapis_lazuli":73,"minecraft:white_banner":1,"minecraft:bone":30,"minecraft:apple":1,"minecraft:bow":2,"minecraft:stonecutter":1,"minecraft:wheat_seeds":183,"minecraft:raw_gold":59,"minecraft:iron_ingot":64,"minecraft:oak_planks":12,"minecraft:pumpkin":2,"minecraft:poisonous_potato":2,"minecraft:dripstone_block":44,"minecraft:gravel":86,"minecraft:amethyst_shard":8,"minecraft:spruce_log":2,"minecraft:white_bed":2,"minecraft:grass_block":1,"minecraft:spider_eye":3,"minecraft:diamond":77,"minecraft:granite":39,"minecraft:bone_meal":48,"minecraft:emerald":2,"minecraft:oak_sapling":7,"minecraft:coal":138,"minecraft:ender_pearl":1},"minecraft:custom":{"minecraft:mob_kills":114,"minecraft:interact_with_anvil":2,"minecraft:animals_bred":20,"minecraft:inspect_hopper":1,"minecraft:interact_with_crafting_table":153,"minecraft:fill_cauldron":4,"minecraft:leave_game":15,"minecraft:time_since_death":665368,"minecraft:climb_one_cm":4781,"minecraft:sprint_one_cm":1906937,"minecraft:walk_one_cm":1888765,"minecraft:damage_blocked_by_shield":120,"minecraft:drop":120,"minecraft:play_time":691154,"minecraft:deaths":1,"minecraft:sneak_time":9019,"minecraft:walk_under_water_one_cm":47148,"minecraft:jump":9728,"minecraft:walk_on_water_one_cm":71667,"minecraft:enchant_item":3,"minecraft:total_world_time":691154,"minecraft:interact_with_furnace":97,"minecraft:sleep_in_bed":17,"minecraft:time_since_rest":15356,"minecraft:damage_taken":3104,"minecraft:damage_dealt":19636,"minecraft:swim_one_cm":60925,"minecraft:fly_one_cm":1876957,"minecraft:player_kills":1,"minecraft:open_chest":179,"minecraft:crouch_one_cm":21899,"minecraft:fish_caught":10,"minecraft:fall_one_cm":182725,"minecraft:use_cauldron":7},"minecraft:broken":{"minecraft:wooden_pickaxe":1,"minecraft:stone_pickaxe":4,"minecraft:diamond_pickaxe":1,"minecraft:iron_pickaxe":1},"minecraft:killed":{"minecraft:spider":13,"minecraft:skeleton":24,"minecraft:silverfish":1,"minecraft:zombie_villager":1,"minecraft:creeper":4,"minecraft:pillager":1,"minecraft:zombie":27,"minecraft:stray":1,"minecraft:enderman":4,"minecraft:cow":33},"minecraft:crafted":{"minecraft:wooden_sword":2,"minecraft:oak_door":3,"minecraft:oak_planks":152,"minecraft:fishing_rod":1,"minecraft:furnace":7,"minecraft:piston":4,"minecraft:bone_meal":24,"minecraft:bookshelf":4,"minecraft:white_carpet":3,"minecraft:oak_trapdoor":4,"minecraft:diamond_helmet":1,"minecraft:diamond_leggings":1,"minecraft:iron_boots":1,"minecraft:iron_axe":1,"minecraft:stone_pickaxe":8,"minecraft:chest":6,"minecraft:diamond_boots":2,"minecraft:stone_hoe":2,"minecraft:wheat":162,"minecraft:deepslate":59,"minecraft:diamond_sword":1,"minecraft:cauldron":18,"minecraft:crafting_table":9,"minecraft:enchanting_table":1,"minecraft:spruce_planks":8,"minecraft:wooden_pickaxe":3,"minecraft:iron_helmet":1,"minecraft:iron_sword":1,"minecraft:copper_ingot":3,"minecraft:bucket":2,"minecraft:birch_planks":56,"minecraft:pumpkin_seeds":4,"minecraft:stone_axe":3,"minecraft:bread":49,"minecraft:air":0,"minecraft:paper":51,"minecraft:book":14,"minecraft:iron_chestplate":1,"minecraft:diamond_pickaxe":3,"minecraft:shield":2,"minecraft:stick":84,"minecraft:iron_ingot":51,"minecraft:iron_pickaxe":2,"minecraft:stone_sword":2,"minecraft:iron_leggings":1,"minecraft:torch":84,"minecraft:shears":1,"minecraft:diamond_chestplate":1},"minecraft:mined":{"minecraft:diamond_ore":2,"minecraft:tuff":167,"minecraft:white_bed":2,"minecraft:deepslate_diamond_ore":71,"minecraft:brewing_stand":1,"minecraft:obsidian":4,"minecraft:granite":48,"minecraft:grass_block":144,"minecraft:redstone_wire":13,"minecraft:spruce_leaves":2,"minecraft:hay_block":18,"minecraft:raw_iron_block":1,"minecraft:carrots":3,"minecraft:iron_ore":155,"minecraft:cobbled_deepslate":17,"minecraft:andesite":50,"minecraft:pumpkin":2,"minecraft:deepslate_lapis_ore":5,"minecraft:gold_block":1,"minecraft:water_cauldron":1,"minecraft:pointed_dripstone":17,"minecraft:potatoes":13,"minecraft:deepslate_iron_ore":143,"minecraft:stone":974,"minecraft:redstone_wall_torch":6,"minecraft:deepslate_redstone_ore":8,"minecraft:brown_mushroom":1,"minecraft:amethyst_cluster":2,"minecraft:observer":2,"minecraft:dandelion":1,"minecraft:oak_fence":5,"minecraft:crafting_table":1,"minecraft:cornflower":1,"minecraft:torch":15,"minecraft:emerald_ore":1,"minecraft:tall_grass":48,"minecraft:copper_ore":2,"minecraft:cobblestone":32,"minecraft:deepslate_gold_ore":64,"minecraft:lapis_ore":7,"minecraft:sugar_cane":58,"minecraft:oak_planks":2,"minecraft:diorite":62,"minecraft:cauldron":6,"minecraft:repeater":4,"minecraft:birch_log":14,"minecraft:redstone_torch":11,"minecraft:wheat":38,"minecraft:spruce_log":2,"minecraft:grass":730,"minecraft:coal_ore":73,"minecraft:oak_log":32,"minecraft:gravel":65,"minecraft:dripstone_block":57,"minecraft:dirt":55,"minecraft:smooth_basalt":1,"minecraft:stonecutter":1,"minecraft:piston":3,"minecraft:oak_leaves":8,"minecraft:deepslate":1072},"minecraft:used":{"minecraft:oak_trapdoor":4,"minecraft:oak_fence":1,"minecraft:enchanting_table":1,"minecraft:stone_sword":5,"minecraft:iron_shovel":150,"minecraft:redstone":68,"minecraft:chest":8,"minecraft:shield":4,"minecraft:stone":58,"minecraft:iron_sword":81,"minecraft:stone_hoe":130,"minecraft:rotten_flesh":2,"minecraft:oak_door":1,"minecraft:torch":83,"minecraft:dirt":1,"minecraft:anvil":1,"minecraft:white_carpet":3,"minecraft:hopper":2,"minecraft:carrot":11,"minecraft:tuff":4,"minecraft:granite":4,"minecraft:milk_bucket":1,"minecraft:lava_bucket":61,"minecraft:bookshelf":28,"minecraft:iron_axe":30,"minecraft:grass_block":17,"minecraft:repeater":33,"minecraft:bow":1,"minecraft:furnace":7,"minecraft:potato":43,"minecraft:cobbled_deepslate":24,"minecraft:observer":44,"minecraft:pointed_dripstone":26,"minecraft:wheat_seeds":90,"minecraft:water_bucket":17,"minecraft:diorite":1,"minecraft:birch_planks":1,"minecraft:stone_pickaxe":562,"minecraft:baked_potato":50,"minecraft:oak_planks":2,"minecraft:wooden_pickaxe":99,"minecraft:sugar_cane":28,"minecraft:cauldron":35,"minecraft:crafting_table":10,"minecraft:white_bed":2,"minecraft:dripstone_block":66,"minecraft:pumpkin_seeds":4,"minecraft:redstone_torch":76,"minecraft:piston":18,"minecraft:lever":1,"minecraft:diamond_pickaxe":1997,"minecraft:bread":80,"minecraft:iron_pickaxe":427,"minecraft:deepslate":59,"minecraft:stone_axe":2,"minecraft:fishing_rod":11,"minecraft:diamond_sword":345,"minecraft:wooden_sword":5,"minecraft:cobblestone":226,"minecraft:bucket":34,"minecraft:bone_meal":42}},"DataVersion":3465}