{"stats":{"minecraft:dropped":{"minecraft:birch_planks":45,"minecraft:baked_potato":18,"minecraft:diamond":37,"minecraft:cooked_porkchop":3,"minecraft:cod":6,"minecraft:cobblestone_stairs":1,"minecraft:dirt":19,"minecraft:wooden_sword":2,"minecraft:gold_nugget":128,"minecraft:bone_meal":30,"minecraft:iron_pickaxe":2,"minecraft:white_wool":2,"minecraft:bone":3,"minecraft:oak_door":1,"minecraft:gravel":38,"minecraft:stone_axe":2,"minecraft:blackstone":5,"minecraft:cobbled_deepslate":37,"minecraft:wheat":18,"minecraft:rotten_flesh":64,"minecraft:oak_planks":30,"minecraft:cooked_mutton":6,"minecraft:salmon":3,"minecraft:poppy":1,"minecraft:gunpowder":8,"minecraft:basalt":12,"minecraft:netherrack":256,"minecraft:iron_ingot":6,"minecraft:bread":9,"minecraft:wheat_seeds":67,"minecraft:lead":2,"minecraft:cobblestone":141,"minecraft:copper_ingot":3,"minecraft:grass_block":1,"minecraft:coal":29,"minecraft:stick":11,"minecraft:diorite":80,"minecraft:torch":3,"minecraft:iron_shovel":2,"minecraft:string":5,"minecraft:soul_soil":4,"minecraft:stone_sword":1,"minecraft:bowl":1,"minecraft:tuff":63,"minecraft:pumpkin_seeds":4,"minecraft:flint_and_steel":1,"minecraft:potato":4,"minecraft:shield":1,"minecraft:andesite":23,"minecraft:oak_sapling":2,"minecraft:spider_eye":6,"minecraft:diamond_boots":1,"minecraft:bow":1,"minecraft:stone_pickaxe":2,"minecraft:wooden_pickaxe":2},"minecraft:broken":{"minecraft:stone_pickaxe":4,"minecraft:diamond_pickaxe":1,"minecraft:wooden_pickaxe":1,"minecraft:iron_pickaxe":1},"minecraft:mined":{"minecraft:white_bed":2,"minecraft:brewing_stand":1,"minecraft:carved_pumpkin":1,"minecraft:obsidian":10,"minecraft:granite":59,"minecraft:grass_block":174,"minecraft:soul_soil":5,"minecraft:hopper":1,"minecraft:nether_wart":20,"minecraft:magma_block":1,"minecraft:raw_iron_block":1,"minecraft:iron_ore":255,"minecraft:fire":11,"minecraft:cobbled_deepslate":20,"minecraft:pumpkin":4,"minecraft:deepslate_lapis_ore":17,"minecraft:azure_bluet":1,"minecraft:pointed_dripstone":17,"minecraft:water_cauldron":1,"minecraft:deepslate_redstone_ore":19,"minecraft:brown_mushroom":1,"minecraft:blackstone":46,"minecraft:deepslate_brick_wall":4,"minecraft:amethyst_cluster":2,"minecraft:torch":18,"minecraft:chest":2,"minecraft:nether_quartz_ore":190,"minecraft:cobblestone":129,"minecraft:sugar_cane":121,"minecraft:oak_planks":28,"minecraft:cauldron":6,"minecraft:repeater":4,"minecraft:birch_log":14,"minecraft:wheat":38,"minecraft:stone_brick_stairs":20,"minecraft:grass":888,"minecraft:oak_log":52,"minecraft:sand":113,"minecraft:dirt":81,"minecraft:smooth_basalt":1,"minecraft:ancient_debris":2,"minecraft:stonecutter":1,"minecraft:netherrack":1606,"minecraft:piston":3,"minecraft:oak_leaves":9,"minecraft:deepslate":1274,"minecraft:nether_gold_ore":5,"minecraft:diamond_ore":2,"minecraft:tuff":173,"minecraft:deepslate_diamond_ore":78,"minecraft:oak_door":2,"minecraft:nether_bricks":16,"minecraft:redstone_wire":13,"minecraft:spruce_leaves":2,"minecraft:hay_block":18,"minecraft:oak_trapdoor":5,"minecraft:carrots":3,"minecraft:andesite":52,"minecraft:gold_block":1,"minecraft:bookshelf":5,"minecraft:potatoes":13,"minecraft:shroomlight":4,"minecraft:deepslate_iron_ore":173,"minecraft:warped_stem":25,"minecraft:stone":1320,"minecraft:bone_block":6,"minecraft:redstone_wall_torch":6,"minecraft:soul_sand":25,"minecraft:basalt":415,"minecraft:observer":2,"minecraft:dandelion":7,"minecraft:oak_fence":5,"minecraft:crafting_table":1,"minecraft:cornflower":2,"minecraft:emerald_ore":1,"minecraft:copper_ore":2,"minecraft:tall_grass":80,"minecraft:lapis_ore":7,"minecraft:deepslate_gold_ore":81,"minecraft:diorite":106,"minecraft:warped_wart_block":3,"minecraft:redstone_torch":11,"minecraft:spruce_log":2,"minecraft:coal_ore":105,"minecraft:gravel":67,"minecraft:dripstone_block":60},"minecraft:picked_up":{"minecraft:wheat":28,"minecraft:lead":2,"minecraft:stone_brick_stairs":20,"minecraft:brewing_stand":1,"minecraft:string":16,"minecraft:soul_soil":4,"minecraft:shroomlight":4,"minecraft:gold_nugget":171,"minecraft:cobbled_deepslate":827,"minecraft:redstone_torch":22,"minecraft:iron_pickaxe":1,"minecraft:stick":9,"minecraft:deepslate_brick_wall":4,"minecraft:oak_fence":6,"minecraft:torch":42,"minecraft:pointed_dripstone":17,"minecraft:diorite":105,"minecraft:cauldron":6,"minecraft:stone_sword":1,"minecraft:rotten_flesh":68,"minecraft:carved_pumpkin":1,"minecraft:blaze_rod":10,"minecraft:obsidian":10,"minecraft:cod":6,"minecraft:cobblestone":1567,"minecraft:birch_log":14,"minecraft:magma_block":1,"minecraft:repeater":4,"minecraft:magma_cream":1,"minecraft:andesite":33,"minecraft:potato":44,"minecraft:flint":5,"minecraft:tuff":131,"minecraft:dirt":268,"minecraft:lapis_lazuli":73,"minecraft:glass":14,"minecraft:bone":49,"minecraft:bow":3,"minecraft:stonecutter":1,"minecraft:wheat_seeds":212,"minecraft:raw_gold":96,"minecraft:oak_planks":50,"minecraft:cooked_porkchop":3,"minecraft:warped_wart_block":3,"minecraft:poisonous_potato":2,"minecraft:sand":163,"minecraft:grass_block":1,"minecraft:diamond":92,"minecraft:granite":50,"minecraft:bone_meal":48,"minecraft:emerald":2,"minecraft:oak_sapling":9,"minecraft:netherrack":789,"minecraft:crafting_table":1,"minecraft:azure_bluet":1,"minecraft:nether_wart":22,"minecraft:brown_mushroom":4,"minecraft:wooden_pickaxe":1,"minecraft:gold_block":1,"minecraft:shield":1,"minecraft:cornflower":1,"minecraft:oak_trapdoor":5,"minecraft:wooden_sword":1,"minecraft:iron_shovel":2,"minecraft:blackstone":18,"minecraft:beef":82,"minecraft:observer":2,"minecraft:sugar_cane":165,"minecraft:chest":2,"minecraft:piston":3,"minecraft:egg":1,"minecraft:raw_iron":574,"minecraft:stone":2,"minecraft:oak_door":5,"minecraft:bowl":1,"minecraft:carrot":11,"minecraft:redstone":26,"minecraft:arrow":39,"minecraft:nether_bricks":1,"minecraft:hay_block":18,"minecraft:mutton":4,"minecraft:bone_block":6,"minecraft:white_wool":20,"minecraft:basalt":287,"minecraft:glow_ink_sac":2,"minecraft:salmon":3,"minecraft:leather":47,"minecraft:birch_planks":44,"minecraft:oak_log":58,"minecraft:ancient_debris":2,"minecraft:gunpowder":8,"minecraft:cobblestone_stairs":1,"minecraft:white_banner":1,"minecraft:cooked_mutton":7,"minecraft:apple":1,"minecraft:warped_stem":23,"minecraft:stone_pickaxe":1,"minecraft:iron_ingot":66,"minecraft:soul_sand":23,"minecraft:book":15,"minecraft:pumpkin":5,"minecraft:quartz":360,"minecraft:dandelion":6,"minecraft:dripstone_block":47,"minecraft:gravel":88,"minecraft:amethyst_shard":8,"minecraft:white_bed":2,"minecraft:spruce_log":2,"minecraft:spider_eye":6,"minecraft:pumpkin_seeds":4,"minecraft:stone_axe":1,"minecraft:coal":262,"minecraft:hopper":1,"minecraft:ender_pearl":3},"minecraft:used":{"minecraft:iron_shovel":150,"minecraft:chest":13,"minecraft:shield":4,"minecraft:stone":61,"minecraft:iron_sword":81,"minecraft:rotten_flesh":2,"minecraft:carrot":11,"minecraft:tuff":4,"minecraft:milk_bucket":1,"minecraft:obsidian":6,"minecraft:lava_bucket":79,"minecraft:grass_block":17,"minecraft:stone_brick_stairs":68,"minecraft:repeater":33,"minecraft:bow":1,"minecraft:furnace":11,"minecraft:potato":43,"minecraft:deepslate_brick_wall":76,"minecraft:diorite":1,"minecraft:stone_pickaxe":562,"minecraft:oak_planks":17,"minecraft:wooden_pickaxe":99,"minecraft:diamond_axe":95,"minecraft:sugar_cane":29,"minecraft:sand":1,"minecraft:blast_furnace":1,"minecraft:dripstone_block":68,"minecraft:shears":1,"minecraft:pumpkin_seeds":4,"minecraft:redstone_torch":76,"minecraft:lever":1,"minecraft:bread":132,"minecraft:deepslate":99,"minecraft:gravel":1,"minecraft:diamond_sword":895,"minecraft:wooden_sword":5,"minecraft:bone_meal":42,"minecraft:oak_trapdoor":18,"minecraft:oak_fence":1,"minecraft:enchanting_table":1,"minecraft:stone_sword":5,"minecraft:flint_and_steel":1,"minecraft:redstone":68,"minecraft:stone_hoe":130,"minecraft:netherrack":169,"minecraft:oak_door":7,"minecraft:torch":120,"minecraft:dirt":103,"minecraft:anvil":1,"minecraft:white_carpet":3,"minecraft:hopper":4,"minecraft:granite":4,"minecraft:bookshelf":50,"minecraft:iron_axe":30,"minecraft:basalt":125,"minecraft:cobbled_deepslate":24,"minecraft:observer":44,"minecraft:pumpkin":2,"minecraft:pointed_dripstone":27,"minecraft:wheat_seeds":90,"minecraft:water_bucket":27,"minecraft:warped_stem":52,"minecraft:birch_planks":1,"minecraft:baked_potato":125,"minecraft:cauldron":36,"minecraft:stonecutter":2,"minecraft:crafting_table":11,"minecraft:white_bed":2,"minecraft:piston":18,"minecraft:diamond_pickaxe":5249,"minecraft:diamond_shovel":268,"minecraft:iron_pickaxe":427,"minecraft:stone_axe":2,"minecraft:fishing_rod":11,"minecraft:cobblestone":737,"minecraft:bucket":70},"minecraft:custom":{"minecraft:animals_bred":20,"minecraft:interact_with_crafting_table":249,"minecraft:leave_game":33,"minecraft:time_since_death":92542,"minecraft:sprint_one_cm":3013174,"minecraft:damage_blocked_by_shield":120,"minecraft:drop":200,"minecraft:play_time":1149141,"minecraft:deaths":3,"minecraft:jump":16615,"minecraft:walk_on_water_one_cm":97403,"minecraft:enchant_item":12,"minecraft:interact_with_furnace":226,"minecraft:sleep_in_bed":23,"minecraft:damage_dealt":47756,"minecraft:player_kills":1,"minecraft:crouch_one_cm":65510,"minecraft:interact_with_smoker":1,"minecraft:use_cauldron":30,"minecraft:mob_kills":303,"minecraft:interact_with_anvil":21,"minecraft:inspect_hopper":2,"minecraft:fill_cauldron":5,"minecraft:climb_one_cm":4781,"minecraft:walk_one_cm":3021753,"minecraft:sneak_time":21540,"minecraft:walk_under_water_one_cm":53783,"minecraft:interact_with_blast_furnace":10,"minecraft:total_world_time":1149141,"minecraft:interact_with_stonecutter":17,"minecraft:time_since_rest":92664,"minecraft:damage_taken":7629,"minecraft:swim_one_cm":77723,"minecraft:fly_one_cm":3595016,"minecraft:open_chest":326,"minecraft:fish_caught":10,"minecraft:fall_one_cm":382074},"minecraft:killed":{"minecraft:witch":1,"minecraft:spider":22,"minecraft:skeleton":47,"minecraft:silverfish":1,"minecraft:magma_cube":24,"minecraft:piglin":1,"minecraft:pig":1,"minecraft:zombie_villager":2,"minecraft:creeper":8,"minecraft:sheep":4,"minecraft:pillager":1,"minecraft:zombie":76,"minecraft:ghast":1,"minecraft:stray":1,"minecraft:blaze":22,"minecraft:cow":56,"minecraft:drowned":2,"minecraft:wither_skeleton":4,"minecraft:enderman":6},"minecraft:crafted":{"minecraft:smooth_stone":13,"minecraft:oak_planks":228,"minecraft:stone":206,"minecraft:diamond_shovel":1,"minecraft:bookshelf":19,"minecraft:glass":29,"minecraft:hopper":1,"minecraft:diamond_helmet":1,"minecraft:iron_boots":1,"minecraft:diamond_leggings":1,"minecraft:chest":9,"minecraft:stone_hoe":2,"minecraft:oak_slab":6,"minecraft:deepslate":111,"minecraft:cauldron":19,"minecraft:diamond_axe":1,"minecraft:crafting_table":10,"minecraft:spruce_planks":8,"minecraft:wooden_pickaxe":3,"minecraft:iron_helmet":1,"minecraft:copper_ingot":3,"minecraft:birch_planks":124,"minecraft:pumpkin_seeds":4,"minecraft:stone_brick_stairs":59,"minecraft:iron_chestplate":1,"minecraft:book":44,"minecraft:paper":132,"minecraft:diamond_pickaxe":3,"minecraft:shield":3,"minecraft:stick":88,"minecraft:iron_ingot":159,"minecraft:iron_pickaxe":2,"minecraft:stone_sword":2,"minecraft:shears":2,"minecraft:wooden_sword":2,"minecraft:oak_door":6,"minecraft:fishing_rod":1,"minecraft:furnace":12,"minecraft:blast_furnace":1,"minecraft:piston":4,"minecraft:bone_meal":24,"minecraft:white_carpet":3,"minecraft:oak_trapdoor":14,"minecraft:flint_and_steel":1,"minecraft:deepslate_brick_wall":77,"minecraft:iron_axe":1,"minecraft:stone_pickaxe":8,"minecraft:diamond_boots":2,"minecraft:wheat":162,"minecraft:diamond_sword":1,"minecraft:enchanting_table":1,"minecraft:iron_sword":1,"minecraft:bucket":6,"minecraft:stone_axe":3,"minecraft:bread":49,"minecraft:air":0,"minecraft:iron_leggings":1,"minecraft:stonecutter":1,"minecraft:torch":84,"minecraft:diamond_chestplate":1}},"DataVersion":3465}