{"stats":{"minecraft:dropped":{"minecraft:bread":9,"minecraft:birch_planks":44,"minecraft:wheat_seeds":55,"minecraft:diamond":18,"minecraft:lead":2,"minecraft:cobblestone":77,"minecraft:copper_ingot":3,"minecraft:grass_block":1,"minecraft:coal":3,"minecraft:cod":6,"minecraft:stick":9,"minecraft:cobblestone_stairs":1,"minecraft:dirt":9,"minecraft:diorite":36,"minecraft:torch":2,"minecraft:wooden_sword":2,"minecraft:bone_meal":30,"minecraft:iron_pickaxe":1,"minecraft:iron_shovel":1,"minecraft:string":1,"minecraft:gravel":38,"minecraft:stone_axe":1,"minecraft:cobbled_deepslate":25,"minecraft:bowl":1,"minecraft:tuff":63,"minecraft:wheat":18,"minecraft:rotten_flesh":10,"minecraft:oak_planks":30,"minecraft:salmon":3,"minecraft:poppy":1,"minecraft:potato":4,"minecraft:andesite":23,"minecraft:spider_eye":2,"minecraft:diamond_boots":1,"minecraft:bow":1,"minecraft:wooden_pickaxe":2,"minecraft:stone_pickaxe":1},"minecraft:picked_up":{"minecraft:crafting_table":1,"minecraft:wheat":28,"minecraft:brown_mushroom":4,"minecraft:lead":2,"minecraft:wooden_pickaxe":1,"minecraft:brewing_stand":1,"minecraft:string":8,"minecraft:wooden_sword":1,"minecraft:iron_shovel":2,"minecraft:cobbled_deepslate":657,"minecraft:beef":35,"minecraft:iron_pickaxe":1,"minecraft:sugar_cane":82,"minecraft:piston":1,"minecraft:egg":1,"minecraft:stick":7,"minecraft:raw_iron":271,"minecraft:oak_fence":6,"minecraft:torch":18,"minecraft:bowl":1,"minecraft:pointed_dripstone":15,"minecraft:diorite":61,"minecraft:carrot":10,"minecraft:redstone":9,"minecraft:cauldron":5,"minecraft:arrow":23,"minecraft:rotten_flesh":14,"minecraft:hay_block":18,"minecraft:obsidian":4,"minecraft:cod":6,"minecraft:cobblestone":978,"minecraft:white_wool":3,"minecraft:birch_log":14,"minecraft:salmon":3,"minecraft:glow_ink_sac":2,"minecraft:andesite":31,"minecraft:leather":14,"minecraft:potato":42,"minecraft:birch_planks":44,"minecraft:flint":3,"minecraft:tuff":131,"minecraft:oak_log":38,"minecraft:cobblestone_stairs":1,"minecraft:dirt":151,"minecraft:lapis_lazuli":73,"minecraft:white_banner":1,"minecraft:bone":30,"minecraft:apple":1,"minecraft:bow":2,"minecraft:stonecutter":1,"minecraft:wheat_seeds":183,"minecraft:raw_gold":59,"minecraft:iron_ingot":64,"minecraft:oak_planks":10,"minecraft:pumpkin":2,"minecraft:gravel":85,"minecraft:poisonous_potato":2,"minecraft:dripstone_block":15,"minecraft:amethyst_shard":8,"minecraft:spruce_log":2,"minecraft:white_bed":2,"minecraft:grass_block":1,"minecraft:spider_eye":3,"minecraft:diamond":77,"minecraft:granite":39,"minecraft:bone_meal":48,"minecraft:emerald":1,"minecraft:oak_sapling":7,"minecraft:coal":138,"minecraft:ender_pearl":1},"minecraft:custom":{"minecraft:mob_kills":87,"minecraft:animals_bred":20,"minecraft:inspect_hopper":1,"minecraft:interact_with_crafting_table":147,"minecraft:fill_cauldron":4,"minecraft:leave_game":12,"minecraft:time_since_death":516521,"minecraft:climb_one_cm":1624,"minecraft:sprint_one_cm":1605589,"minecraft:walk_one_cm":1585327,"minecraft:damage_blocked_by_shield":120,"minecraft:drop":112,"minecraft:play_time":542307,"minecraft:deaths":1,"minecraft:sneak_time":4596,"minecraft:walk_under_water_one_cm":27426,"minecraft:jump":7812,"minecraft:walk_on_water_one_cm":38266,"minecraft:total_world_time":542307,"minecraft:interact_with_furnace":76,"minecraft:sleep_in_bed":15,"minecraft:time_since_rest":84494,"minecraft:damage_taken":2216,"minecraft:damage_dealt":15498,"minecraft:fly_one_cm":1319019,"minecraft:swim_one_cm":30243,"minecraft:player_kills":1,"minecraft:open_chest":153,"minecraft:crouch_one_cm":14072,"minecraft:fish_caught":10,"minecraft:fall_one_cm":144865,"minecraft:use_cauldron":5},"minecraft:broken":{"minecraft:wooden_pickaxe":1,"minecraft:stone_pickaxe":4,"minecraft:diamond_pickaxe":1,"minecraft:iron_pickaxe":1},"minecraft:killed":{"minecraft:spider":9,"minecraft:skeleton":19,"minecraft:silverfish":1,"minecraft:creeper":4,"minecraft:pillager":1,"minecraft:zombie":25,"minecraft:stray":1,"minecraft:enderman":3,"minecraft:cow":19},"minecraft:crafted":{"minecraft:wooden_sword":2,"minecraft:oak_door":3,"minecraft:oak_planks":152,"minecraft:fishing_rod":1,"minecraft:furnace":3,"minecraft:piston":4,"minecraft:bone_meal":24,"minecraft:bookshelf":4,"minecraft:white_carpet":3,"minecraft:diamond_helmet":1,"minecraft:diamond_leggings":1,"minecraft:iron_boots":1,"minecraft:iron_axe":1,"minecraft:stone_pickaxe":8,"minecraft:chest":6,"minecraft:diamond_boots":2,"minecraft:stone_hoe":2,"minecraft:wheat":162,"minecraft:diamond_sword":1,"minecraft:cauldron":18,"minecraft:crafting_table":9,"minecraft:spruce_planks":8,"minecraft:enchanting_table":1,"minecraft:wooden_pickaxe":3,"minecraft:iron_helmet":1,"minecraft:iron_sword":1,"minecraft:copper_ingot":3,"minecraft:bucket":2,"minecraft:birch_planks":56,"minecraft:pumpkin_seeds":4,"minecraft:stone_axe":3,"minecraft:bread":49,"minecraft:air":0,"minecraft:iron_chestplate":1,"minecraft:book":14,"minecraft:paper":51,"minecraft:diamond_pickaxe":3,"minecraft:shield":2,"minecraft:stick":84,"minecraft:iron_ingot":51,"minecraft:iron_pickaxe":2,"minecraft:stone_sword":2,"minecraft:iron_leggings":1,"minecraft:torch":84,"minecraft:shears":1,"minecraft:diamond_chestplate":1},"minecraft:mined":{"minecraft:diamond_ore":2,"minecraft:tuff":167,"minecraft:white_bed":2,"minecraft:deepslate_diamond_ore":71,"minecraft:brewing_stand":1,"minecraft:obsidian":4,"minecraft:granite":47,"minecraft:grass_block":134,"minecraft:hay_block":18,"minecraft:raw_iron_block":1,"minecraft:carrots":3,"minecraft:iron_ore":139,"minecraft:cobbled_deepslate":17,"minecraft:andesite":49,"minecraft:pumpkin":2,"minecraft:deepslate_lapis_ore":5,"minecraft:potatoes":13,"minecraft:pointed_dripstone":17,"minecraft:deepslate_iron_ore":143,"minecraft:stone":935,"minecraft:deepslate_redstone_ore":8,"minecraft:brown_mushroom":1,"minecraft:amethyst_cluster":2,"minecraft:dandelion":1,"minecraft:oak_fence":5,"minecraft:crafting_table":1,"minecraft:cornflower":1,"minecraft:torch":15,"minecraft:cobblestone":13,"minecraft:tall_grass":48,"minecraft:copper_ore":2,"minecraft:deepslate_gold_ore":64,"minecraft:lapis_ore":7,"minecraft:sugar_cane":58,"minecraft:diorite":62,"minecraft:cauldron":5,"minecraft:birch_log":14,"minecraft:wheat":38,"minecraft:spruce_log":2,"minecraft:grass":727,"minecraft:coal_ore":73,"minecraft:oak_log":32,"minecraft:gravel":64,"minecraft:dripstone_block":23,"minecraft:dirt":52,"minecraft:smooth_basalt":1,"minecraft:stonecutter":1,"minecraft:piston":1,"minecraft:oak_leaves":8,"minecraft:deepslate":1072},"minecraft:used":{"minecraft:oak_fence":1,"minecraft:enchanting_table":1,"minecraft:stone_sword":5,"minecraft:iron_shovel":150,"minecraft:chest":6,"minecraft:shield":4,"minecraft:iron_sword":81,"minecraft:stone_hoe":130,"minecraft:rotten_flesh":2,"minecraft:oak_door":1,"minecraft:torch":79,"minecraft:dirt":1,"minecraft:white_carpet":3,"minecraft:carrot":11,"minecraft:tuff":4,"minecraft:granite":4,"minecraft:milk_bucket":1,"minecraft:lava_bucket":15,"minecraft:bookshelf":4,"minecraft:iron_axe":30,"minecraft:bow":1,"minecraft:furnace":3,"minecraft:potato":43,"minecraft:cobbled_deepslate":24,"minecraft:pointed_dripstone":6,"minecraft:wheat_seeds":90,"minecraft:water_bucket":17,"minecraft:diorite":1,"minecraft:birch_planks":1,"minecraft:stone_pickaxe":562,"minecraft:baked_potato":30,"minecraft:wooden_pickaxe":99,"minecraft:cauldron":27,"minecraft:sugar_cane":28,"minecraft:crafting_table":10,"minecraft:white_bed":2,"minecraft:dripstone_block":15,"minecraft:pumpkin_seeds":4,"minecraft:piston":2,"minecraft:diamond_pickaxe":1879,"minecraft:bread":71,"minecraft:iron_pickaxe":427,"minecraft:stone_axe":2,"minecraft:diamond_sword":262,"minecraft:fishing_rod":11,"minecraft:wooden_sword":5,"minecraft:cobblestone":160,"minecraft:bucket":32,"minecraft:bone_meal":42}},"DataVersion":3465}