{"stats":{"minecraft:dropped":{"minecraft:bread":9,"minecraft:birch_planks":45,"minecraft:wheat_seeds":55,"minecraft:baked_potato":18,"minecraft:diamond":37,"minecraft:lead":2,"minecraft:cobblestone":141,"minecraft:copper_ingot":3,"minecraft:grass_block":1,"minecraft:coal":3,"minecraft:stick":11,"minecraft:cod":6,"minecraft:cobblestone_stairs":1,"minecraft:dirt":9,"minecraft:diorite":61,"minecraft:torch":3,"minecraft:wooden_sword":2,"minecraft:bone_meal":30,"minecraft:iron_pickaxe":2,"minecraft:iron_shovel":2,"minecraft:string":1,"minecraft:gravel":38,"minecraft:stone_axe":1,"minecraft:wheat":18,"minecraft:tuff":63,"minecraft:cobbled_deepslate":37,"minecraft:bowl":1,"minecraft:rotten_flesh":20,"minecraft:oak_planks":30,"minecraft:salmon":3,"minecraft:poppy":1,"minecraft:potato":4,"minecraft:gunpowder":2,"minecraft:andesite":23,"minecraft:spider_eye":3,"minecraft:diamond_boots":1,"minecraft:bow":1,"minecraft:wooden_pickaxe":2,"minecraft:stone_pickaxe":1},"minecraft:picked_up":{"minecraft:crafting_table":1,"minecraft:wheat":28,"minecraft:brown_mushroom":4,"minecraft:lead":2,"minecraft:wooden_pickaxe":1,"minecraft:gold_block":1,"minecraft:brewing_stand":1,"minecraft:string":8,"minecraft:oak_trapdoor":5,"minecraft:wooden_sword":1,"minecraft:iron_shovel":2,"minecraft:cobbled_deepslate":825,"minecraft:beef":35,"minecraft:redstone_torch":22,"minecraft:observer":2,"minecraft:iron_pickaxe":1,"minecraft:sugar_cane":104,"minecraft:chest":1,"minecraft:piston":3,"minecraft:egg":1,"minecraft:stick":7,"minecraft:raw_iron":369,"minecraft:deepslate_brick_wall":2,"minecraft:oak_fence":6,"minecraft:torch":22,"minecraft:bowl":1,"minecraft:pointed_dripstone":17,"minecraft:diorite":86,"minecraft:carrot":10,"minecraft:redstone":26,"minecraft:cauldron":6,"minecraft:arrow":25,"minecraft:rotten_flesh":24,"minecraft:hay_block":18,"minecraft:obsidian":4,"minecraft:cod":6,"minecraft:white_wool":3,"minecraft:cobblestone":1051,"minecraft:birch_log":14,"minecraft:repeater":4,"minecraft:andesite":31,"minecraft:glow_ink_sac":2,"minecraft:salmon":3,"minecraft:leather":25,"minecraft:gunpowder":2,"minecraft:potato":42,"minecraft:birch_planks":44,"minecraft:flint":4,"minecraft:tuff":131,"minecraft:oak_log":46,"minecraft:cobblestone_stairs":1,"minecraft:dirt":201,"minecraft:lapis_lazuli":73,"minecraft:white_banner":1,"minecraft:bone":30,"minecraft:apple":1,"minecraft:bow":2,"minecraft:stonecutter":1,"minecraft:wheat_seeds":183,"minecraft:raw_gold":96,"minecraft:iron_ingot":64,"minecraft:oak_planks":12,"minecraft:pumpkin":2,"minecraft:poisonous_potato":2,"minecraft:dripstone_block":46,"minecraft:gravel":88,"minecraft:amethyst_shard":8,"minecraft:spruce_log":2,"minecraft:white_bed":2,"minecraft:grass_block":1,"minecraft:spider_eye":3,"minecraft:diamond":92,"minecraft:granite":39,"minecraft:bone_meal":48,"minecraft:emerald":2,"minecraft:oak_sapling":7,"minecraft:coal":138,"minecraft:hopper":1,"minecraft:ender_pearl":2},"minecraft:custom":{"minecraft:mob_kills":130,"minecraft:interact_with_anvil":2,"minecraft:animals_bred":20,"minecraft:inspect_hopper":1,"minecraft:interact_with_crafting_table":164,"minecraft:fill_cauldron":4,"minecraft:leave_game":15,"minecraft:time_since_death":725368,"minecraft:climb_one_cm":4781,"minecraft:sprint_one_cm":2051116,"minecraft:walk_one_cm":2043033,"minecraft:damage_blocked_by_shield":120,"minecraft:drop":129,"minecraft:play_time":751154,"minecraft:deaths":1,"minecraft:sneak_time":10015,"minecraft:walk_under_water_one_cm":52096,"minecraft:jump":10643,"minecraft:walk_on_water_one_cm":73699,"minecraft:enchant_item":3,"minecraft:total_world_time":751154,"minecraft:interact_with_furnace":138,"minecraft:interact_with_stonecutter":4,"minecraft:sleep_in_bed":17,"minecraft:time_since_rest":75356,"minecraft:damage_taken":3532,"minecraft:damage_dealt":22971,"minecraft:swim_one_cm":60925,"minecraft:fly_one_cm":2058290,"minecraft:player_kills":1,"minecraft:open_chest":208,"minecraft:crouch_one_cm":25530,"minecraft:fish_caught":10,"minecraft:fall_one_cm":206122,"minecraft:use_cauldron":9},"minecraft:broken":{"minecraft:wooden_pickaxe":1,"minecraft:stone_pickaxe":4,"minecraft:diamond_pickaxe":1,"minecraft:iron_pickaxe":1},"minecraft:killed":{"minecraft:spider":13,"minecraft:skeleton":25,"minecraft:silverfish":1,"minecraft:zombie_villager":1,"minecraft:creeper":5,"minecraft:pillager":1,"minecraft:zombie":39,"minecraft:stray":1,"minecraft:enderman":5,"minecraft:cow":33},"minecraft:crafted":{"minecraft:wooden_sword":2,"minecraft:oak_door":3,"minecraft:oak_planks":180,"minecraft:fishing_rod":1,"minecraft:furnace":7,"minecraft:piston":4,"minecraft:stone":30,"minecraft:bone_meal":24,"minecraft:bookshelf":4,"minecraft:white_carpet":3,"minecraft:oak_trapdoor":10,"minecraft:hopper":1,"minecraft:diamond_helmet":1,"minecraft:deepslate_brick_wall":77,"minecraft:diamond_leggings":1,"minecraft:iron_boots":1,"minecraft:iron_axe":1,"minecraft:stone_pickaxe":8,"minecraft:chest":7,"minecraft:diamond_boots":2,"minecraft:stone_hoe":2,"minecraft:wheat":162,"minecraft:deepslate":111,"minecraft:diamond_sword":1,"minecraft:cauldron":18,"minecraft:diamond_axe":1,"minecraft:crafting_table":9,"minecraft:enchanting_table":1,"minecraft:spruce_planks":8,"minecraft:wooden_pickaxe":3,"minecraft:iron_helmet":1,"minecraft:iron_sword":1,"minecraft:copper_ingot":3,"minecraft:birch_planks":56,"minecraft:bucket":2,"minecraft:pumpkin_seeds":4,"minecraft:stone_axe":3,"minecraft:bread":49,"minecraft:air":0,"minecraft:paper":51,"minecraft:book":14,"minecraft:iron_chestplate":1,"minecraft:diamond_pickaxe":3,"minecraft:shield":2,"minecraft:stick":88,"minecraft:iron_pickaxe":2,"minecraft:iron_ingot":98,"minecraft:stone_sword":2,"minecraft:iron_leggings":1,"minecraft:torch":84,"minecraft:shears":1,"minecraft:diamond_chestplate":1},"minecraft:mined":{"minecraft:diamond_ore":2,"minecraft:tuff":173,"minecraft:white_bed":2,"minecraft:deepslate_diamond_ore":78,"minecraft:brewing_stand":1,"minecraft:obsidian":4,"minecraft:granite":48,"minecraft:grass_block":162,"minecraft:redstone_wire":13,"minecraft:spruce_leaves":2,"minecraft:hopper":1,"minecraft:hay_block":18,"minecraft:raw_iron_block":1,"minecraft:oak_trapdoor":5,"minecraft:carrots":3,"minecraft:iron_ore":163,"minecraft:cobbled_deepslate":17,"minecraft:andesite":50,"minecraft:pumpkin":2,"minecraft:deepslate_lapis_ore":17,"minecraft:gold_block":1,"minecraft:pointed_dripstone":17,"minecraft:potatoes":13,"minecraft:water_cauldron":1,"minecraft:deepslate_iron_ore":173,"minecraft:stone":1003,"minecraft:redstone_wall_torch":6,"minecraft:deepslate_redstone_ore":19,"minecraft:brown_mushroom":1,"minecraft:deepslate_brick_wall":2,"minecraft:amethyst_cluster":2,"minecraft:observer":2,"minecraft:dandelion":1,"minecraft:oak_fence":5,"minecraft:crafting_table":1,"minecraft:cornflower":1,"minecraft:torch":17,"minecraft:emerald_ore":1,"minecraft:chest":1,"minecraft:cobblestone":48,"minecraft:copper_ore":2,"minecraft:tall_grass":48,"minecraft:deepslate_gold_ore":81,"minecraft:lapis_ore":7,"minecraft:oak_planks":2,"minecraft:sugar_cane":77,"minecraft:diorite":87,"minecraft:cauldron":6,"minecraft:repeater":4,"minecraft:birch_log":14,"minecraft:redstone_torch":11,"minecraft:wheat":38,"minecraft:spruce_log":2,"minecraft:grass":730,"minecraft:coal_ore":73,"minecraft:oak_log":40,"minecraft:gravel":66,"minecraft:dripstone_block":59,"minecraft:dirt":66,"minecraft:smooth_basalt":1,"minecraft:stonecutter":1,"minecraft:piston":3,"minecraft:oak_leaves":8,"minecraft:deepslate":1274},"minecraft:used":{"minecraft:oak_fence":1,"minecraft:oak_trapdoor":15,"minecraft:enchanting_table":1,"minecraft:stone_sword":5,"minecraft:iron_shovel":150,"minecraft:redstone":68,"minecraft:chest":10,"minecraft:shield":4,"minecraft:stone":61,"minecraft:iron_sword":81,"minecraft:stone_hoe":130,"minecraft:rotten_flesh":2,"minecraft:oak_door":1,"minecraft:torch":85,"minecraft:dirt":45,"minecraft:anvil":1,"minecraft:white_carpet":3,"minecraft:hopper":4,"minecraft:carrot":11,"minecraft:tuff":4,"minecraft:granite":4,"minecraft:milk_bucket":1,"minecraft:lava_bucket":61,"minecraft:iron_axe":30,"minecraft:bookshelf":29,"minecraft:grass_block":17,"minecraft:repeater":33,"minecraft:bow":1,"minecraft:furnace":7,"minecraft:potato":43,"minecraft:cobbled_deepslate":24,"minecraft:observer":44,"minecraft:pointed_dripstone":26,"minecraft:deepslate_brick_wall":76,"minecraft:wheat_seeds":90,"minecraft:water_bucket":17,"minecraft:diorite":1,"minecraft:birch_planks":1,"minecraft:stone_pickaxe":562,"minecraft:baked_potato":52,"minecraft:oak_planks":2,"minecraft:wooden_pickaxe":99,"minecraft:stonecutter":1,"minecraft:sugar_cane":28,"minecraft:diamond_axe":18,"minecraft:cauldron":35,"minecraft:crafting_table":10,"minecraft:white_bed":2,"minecraft:dripstone_block":66,"minecraft:pumpkin_seeds":4,"minecraft:redstone_torch":76,"minecraft:piston":18,"minecraft:lever":1,"minecraft:diamond_pickaxe":2365,"minecraft:bread":92,"minecraft:iron_pickaxe":427,"minecraft:deepslate":99,"minecraft:gravel":1,"minecraft:stone_axe":2,"minecraft:fishing_rod":11,"minecraft:diamond_sword":409,"minecraft:wooden_sword":5,"minecraft:cobblestone":242,"minecraft:bucket":36,"minecraft:bone_meal":42}},"DataVersion":3465}