{"stats":{"minecraft:dropped":{"minecraft:bread":9,"minecraft:birch_planks":44,"minecraft:wheat_seeds":52,"minecraft:diamond":6,"minecraft:lead":2,"minecraft:copper_ingot":3,"minecraft:coal":3,"minecraft:cod":6,"minecraft:stick":7,"minecraft:dirt":9,"minecraft:diorite":16,"minecraft:torch":2,"minecraft:wooden_sword":2,"minecraft:bone_meal":30,"minecraft:iron_pickaxe":1,"minecraft:iron_shovel":1,"minecraft:string":1,"minecraft:gravel":2,"minecraft:stone_axe":1,"minecraft:cobbled_deepslate":6,"minecraft:bowl":1,"minecraft:tuff":62,"minecraft:wheat":18,"minecraft:rotten_flesh":10,"minecraft:oak_planks":30,"minecraft:salmon":3,"minecraft:poppy":1,"minecraft:potato":4,"minecraft:andesite":15,"minecraft:spider_eye":2,"minecraft:diamond_boots":1,"minecraft:bow":1,"minecraft:wooden_pickaxe":2,"minecraft:stone_pickaxe":1},"minecraft:picked_up":{"minecraft:crafting_table":1,"minecraft:wheat":28,"minecraft:brown_mushroom":4,"minecraft:lead":2,"minecraft:wooden_pickaxe":1,"minecraft:brewing_stand":1,"minecraft:string":8,"minecraft:wooden_sword":1,"minecraft:iron_shovel":2,"minecraft:cobbled_deepslate":581,"minecraft:beef":35,"minecraft:iron_pickaxe":1,"minecraft:sugar_cane":82,"minecraft:egg":1,"minecraft:stick":7,"minecraft:raw_iron":165,"minecraft:oak_fence":6,"minecraft:torch":18,"minecraft:bowl":1,"minecraft:pointed_dripstone":15,"minecraft:diorite":61,"minecraft:carrot":10,"minecraft:cauldron":5,"minecraft:arrow":23,"minecraft:rotten_flesh":14,"minecraft:hay_block":18,"minecraft:obsidian":4,"minecraft:cod":6,"minecraft:cobblestone":824,"minecraft:white_wool":3,"minecraft:birch_log":14,"minecraft:salmon":3,"minecraft:glow_ink_sac":2,"minecraft:andesite":25,"minecraft:leather":14,"minecraft:potato":42,"minecraft:birch_planks":44,"minecraft:flint":3,"minecraft:tuff":66,"minecraft:oak_log":38,"minecraft:cobblestone_stairs":1,"minecraft:dirt":151,"minecraft:lapis_lazuli":73,"minecraft:white_banner":1,"minecraft:bone":30,"minecraft:apple":1,"minecraft:bow":2,"minecraft:stonecutter":1,"minecraft:wheat_seeds":180,"minecraft:raw_gold":51,"minecraft:oak_planks":10,"minecraft:pumpkin":1,"minecraft:gravel":73,"minecraft:poisonous_potato":2,"minecraft:dripstone_block":15,"minecraft:amethyst_shard":8,"minecraft:grass_block":1,"minecraft:white_bed":2,"minecraft:spruce_log":2,"minecraft:spider_eye":2,"minecraft:diamond":54,"minecraft:granite":39,"minecraft:bone_meal":48,"minecraft:emerald":1,"minecraft:oak_sapling":7,"minecraft:coal":96},"minecraft:custom":{"minecraft:mob_kills":86,"minecraft:animals_bred":20,"minecraft:inspect_hopper":1,"minecraft:interact_with_crafting_table":131,"minecraft:fill_cauldron":4,"minecraft:leave_game":12,"minecraft:time_since_death":456521,"minecraft:climb_one_cm":1624,"minecraft:sprint_one_cm":1421050,"minecraft:walk_one_cm":1432759,"minecraft:damage_blocked_by_shield":120,"minecraft:drop":87,"minecraft:play_time":482307,"minecraft:deaths":1,"minecraft:sneak_time":4590,"minecraft:walk_under_water_one_cm":27426,"minecraft:jump":7126,"minecraft:walk_on_water_one_cm":38266,"minecraft:total_world_time":482307,"minecraft:interact_with_furnace":68,"minecraft:sleep_in_bed":15,"minecraft:time_since_rest":24494,"minecraft:damage_taken":2152,"minecraft:damage_dealt":15098,"minecraft:fly_one_cm":1155268,"minecraft:swim_one_cm":30243,"minecraft:player_kills":1,"minecraft:open_chest":129,"minecraft:crouch_one_cm":14072,"minecraft:fish_caught":10,"minecraft:fall_one_cm":128744,"minecraft:use_cauldron":5},"minecraft:broken":{"minecraft:wooden_pickaxe":1,"minecraft:stone_pickaxe":4,"minecraft:iron_pickaxe":1},"minecraft:killed":{"minecraft:spider":9,"minecraft:skeleton":19,"minecraft:silverfish":1,"minecraft:creeper":4,"minecraft:pillager":1,"minecraft:zombie":25,"minecraft:stray":1,"minecraft:enderman":2,"minecraft:cow":19},"minecraft:crafted":{"minecraft:wooden_sword":2,"minecraft:oak_door":3,"minecraft:oak_planks":152,"minecraft:fishing_rod":1,"minecraft:furnace":3,"minecraft:bone_meal":24,"minecraft:bookshelf":4,"minecraft:white_carpet":3,"minecraft:diamond_helmet":1,"minecraft:diamond_leggings":1,"minecraft:iron_boots":1,"minecraft:iron_axe":1,"minecraft:stone_pickaxe":8,"minecraft:chest":6,"minecraft:diamond_boots":2,"minecraft:stone_hoe":2,"minecraft:wheat":162,"minecraft:diamond_sword":1,"minecraft:cauldron":6,"minecraft:crafting_table":9,"minecraft:spruce_planks":8,"minecraft:enchanting_table":1,"minecraft:wooden_pickaxe":3,"minecraft:iron_helmet":1,"minecraft:iron_sword":1,"minecraft:copper_ingot":3,"minecraft:bucket":2,"minecraft:birch_planks":56,"minecraft:pumpkin_seeds":4,"minecraft:stone_axe":3,"minecraft:bread":49,"minecraft:air":0,"minecraft:iron_chestplate":1,"minecraft:book":14,"minecraft:paper":51,"minecraft:diamond_pickaxe":2,"minecraft:shield":2,"minecraft:stick":80,"minecraft:iron_ingot":42,"minecraft:iron_pickaxe":2,"minecraft:stone_sword":2,"minecraft:iron_leggings":1,"minecraft:torch":84,"minecraft:shears":1,"minecraft:diamond_chestplate":1},"minecraft:mined":{"minecraft:diamond_ore":2,"minecraft:tuff":103,"minecraft:white_bed":2,"minecraft:deepslate_diamond_ore":48,"minecraft:brewing_stand":1,"minecraft:obsidian":4,"minecraft:granite":47,"minecraft:grass_block":134,"minecraft:hay_block":18,"minecraft:carrots":3,"minecraft:iron_ore":97,"minecraft:andesite":23,"minecraft:pumpkin":1,"minecraft:deepslate_lapis_ore":5,"minecraft:pointed_dripstone":17,"minecraft:potatoes":13,"minecraft:deepslate_iron_ore":79,"minecraft:stone":819,"minecraft:deepslate_redstone_ore":4,"minecraft:brown_mushroom":1,"minecraft:amethyst_cluster":2,"minecraft:dandelion":1,"minecraft:oak_fence":5,"minecraft:crafting_table":1,"minecraft:cornflower":1,"minecraft:torch":15,"minecraft:cobblestone":5,"minecraft:copper_ore":1,"minecraft:tall_grass":48,"minecraft:deepslate_gold_ore":56,"minecraft:lapis_ore":7,"minecraft:sugar_cane":58,"minecraft:diorite":62,"minecraft:cauldron":5,"minecraft:birch_log":14,"minecraft:wheat":38,"minecraft:spruce_log":2,"minecraft:grass":710,"minecraft:coal_ore":30,"minecraft:oak_log":32,"minecraft:gravel":50,"minecraft:dripstone_block":23,"minecraft:dirt":52,"minecraft:smooth_basalt":1,"minecraft:stonecutter":1,"minecraft:oak_leaves":8,"minecraft:deepslate":871},"minecraft:used":{"minecraft:oak_fence":1,"minecraft:enchanting_table":1,"minecraft:stone_sword":5,"minecraft:iron_shovel":150,"minecraft:chest":6,"minecraft:shield":4,"minecraft:iron_sword":81,"minecraft:stone_hoe":130,"minecraft:rotten_flesh":2,"minecraft:oak_door":1,"minecraft:torch":76,"minecraft:dirt":1,"minecraft:white_carpet":3,"minecraft:carrot":11,"minecraft:tuff":4,"minecraft:granite":4,"minecraft:milk_bucket":1,"minecraft:lava_bucket":15,"minecraft:bookshelf":4,"minecraft:iron_axe":30,"minecraft:bow":1,"minecraft:furnace":3,"minecraft:potato":43,"minecraft:cobbled_deepslate":19,"minecraft:pointed_dripstone":5,"minecraft:wheat_seeds":90,"minecraft:water_bucket":17,"minecraft:diorite":1,"minecraft:stone_pickaxe":562,"minecraft:baked_potato":22,"minecraft:wooden_pickaxe":99,"minecraft:cauldron":15,"minecraft:sugar_cane":28,"minecraft:crafting_table":10,"minecraft:white_bed":2,"minecraft:dripstone_block":14,"minecraft:pumpkin_seeds":4,"minecraft:diamond_pickaxe":1261,"minecraft:bread":71,"minecraft:iron_pickaxe":427,"minecraft:stone_axe":2,"minecraft:diamond_sword":246,"minecraft:fishing_rod":11,"minecraft:wooden_sword":5,"minecraft:cobblestone":150,"minecraft:bucket":32,"minecraft:bone_meal":42}},"DataVersion":3465}