{"stats":{"minecraft:dropped":{"minecraft:bread":9,"minecraft:birch_planks":44,"minecraft:lead":2,"minecraft:copper_ingot":3,"minecraft:coal":3,"minecraft:cod":6,"minecraft:stick":7,"minecraft:diorite":16,"minecraft:torch":2,"minecraft:wooden_sword":2,"minecraft:bone_meal":30,"minecraft:iron_pickaxe":1,"minecraft:gravel":1,"minecraft:stone_axe":1,"minecraft:cobbled_deepslate":6,"minecraft:bowl":1,"minecraft:tuff":60,"minecraft:wheat":18,"minecraft:rotten_flesh":6,"minecraft:oak_planks":30,"minecraft:salmon":3,"minecraft:poppy":1,"minecraft:andesite":13,"minecraft:spider_eye":2,"minecraft:diamond_boots":1,"minecraft:bow":1,"minecraft:stone_pickaxe":1,"minecraft:wooden_pickaxe":1},"minecraft:used":{"minecraft:oak_fence":1,"minecraft:stone_sword":5,"minecraft:chest":4,"minecraft:shield":1,"minecraft:iron_sword":81,"minecraft:stone_hoe":125,"minecraft:rotten_flesh":2,"minecraft:oak_door":1,"minecraft:torch":37,"minecraft:dirt":1,"minecraft:white_carpet":3,"minecraft:carrot":11,"minecraft:tuff":4,"minecraft:granite":4,"minecraft:milk_bucket":1,"minecraft:lava_bucket":5,"minecraft:iron_axe":30,"minecraft:bow":1,"minecraft:furnace":3,"minecraft:potato":42,"minecraft:cobbled_deepslate":1,"minecraft:wheat_seeds":72,"minecraft:water_bucket":8,"minecraft:diorite":1,"minecraft:stone_pickaxe":562,"minecraft:wooden_pickaxe":99,"minecraft:sugar_cane":15,"minecraft:crafting_table":9,"minecraft:white_bed":2,"minecraft:diamond_pickaxe":418,"minecraft:bread":45,"minecraft:iron_pickaxe":405,"minecraft:stone_axe":2,"minecraft:diamond_sword":21,"minecraft:fishing_rod":11,"minecraft:wooden_sword":5,"minecraft:cobblestone":150,"minecraft:bucket":15,"minecraft:bone_meal":42},"minecraft:custom":{"minecraft:mob_kills":28,"minecraft:animals_bred":10,"minecraft:inspect_hopper":1,"minecraft:interact_with_crafting_table":90,"minecraft:leave_game":7,"minecraft:time_since_death":263564,"minecraft:climb_one_cm":1624,"minecraft:sprint_one_cm":696797,"minecraft:walk_one_cm":906490,"minecraft:damage_blocked_by_shield":35,"minecraft:drop":74,"minecraft:play_time":289350,"minecraft:deaths":1,"minecraft:sneak_time":3089,"minecraft:walk_under_water_one_cm":2104,"minecraft:jump":3846,"minecraft:walk_on_water_one_cm":15688,"minecraft:total_world_time":289350,"minecraft:interact_with_furnace":64,"minecraft:sleep_in_bed":9,"minecraft:time_since_rest":8516,"minecraft:damage_taken":1301,"minecraft:damage_dealt":4534,"minecraft:swim_one_cm":3984,"minecraft:fly_one_cm":500992,"minecraft:player_kills":1,"minecraft:open_chest":68,"minecraft:crouch_one_cm":12452,"minecraft:fish_caught":10,"minecraft:fall_one_cm":60591},"minecraft:mined":{"minecraft:diamond_ore":2,"minecraft:tuff":64,"minecraft:white_bed":2,"minecraft:deepslate_diamond_ore":35,"minecraft:brewing_stand":1,"minecraft:obsidian":4,"minecraft:granite":47,"minecraft:grass_block":12,"minecraft:hay_block":18,"minecraft:carrots":3,"minecraft:iron_ore":96,"minecraft:andesite":21,"minecraft:deepslate_lapis_ore":5,"minecraft:potatoes":12,"minecraft:deepslate_iron_ore":58,"minecraft:stone":492,"minecraft:deepslate_redstone_ore":4,"minecraft:brown_mushroom":1,"minecraft:amethyst_cluster":2,"minecraft:dandelion":1,"minecraft:cornflower":1,"minecraft:oak_fence":5,"minecraft:crafting_table":1,"minecraft:torch":5,"minecraft:tall_grass":27,"minecraft:copper_ore":1,"minecraft:cobblestone":5,"minecraft:lapis_ore":7,"minecraft:deepslate_gold_ore":34,"minecraft:sugar_cane":11,"minecraft:diorite":42,"minecraft:birch_log":14,"minecraft:wheat":19,"minecraft:grass":568,"minecraft:oak_log":32,"minecraft:coal_ore":29,"minecraft:gravel":38,"minecraft:smooth_basalt":1,"minecraft:stonecutter":1,"minecraft:oak_leaves":8,"minecraft:deepslate":502},"minecraft:crafted":{"minecraft:wooden_sword":2,"minecraft:oak_door":3,"minecraft:oak_planks":152,"minecraft:fishing_rod":1,"minecraft:furnace":3,"minecraft:bone_meal":24,"minecraft:white_carpet":3,"minecraft:diamond_helmet":1,"minecraft:diamond_leggings":1,"minecraft:iron_boots":1,"minecraft:iron_axe":1,"minecraft:stone_pickaxe":8,"minecraft:chest":4,"minecraft:diamond_boots":2,"minecraft:stone_hoe":2,"minecraft:wheat":162,"minecraft:diamond_sword":1,"minecraft:crafting_table":8,"minecraft:wooden_pickaxe":3,"minecraft:iron_helmet":1,"minecraft:iron_sword":1,"minecraft:copper_ingot":3,"minecraft:bucket":2,"minecraft:birch_planks":56,"minecraft:stone_axe":3,"minecraft:bread":49,"minecraft:air":0,"minecraft:iron_chestplate":1,"minecraft:diamond_pickaxe":2,"minecraft:shield":1,"minecraft:stick":76,"minecraft:iron_pickaxe":2,"minecraft:iron_ingot":42,"minecraft:stone_sword":2,"minecraft:iron_leggings":1,"minecraft:torch":68,"minecraft:shears":1,"minecraft:diamond_chestplate":1},"minecraft:broken":{"minecraft:wooden_pickaxe":1,"minecraft:stone_pickaxe":4,"minecraft:iron_pickaxe":1},"minecraft:killed":{"minecraft:spider":5,"minecraft:skeleton":8,"minecraft:silverfish":1,"minecraft:zombie":9,"minecraft:cow":1},"minecraft:picked_up":{"minecraft:wheat":13,"minecraft:crafting_table":1,"minecraft:brown_mushroom":4,"minecraft:lead":2,"minecraft:wooden_pickaxe":1,"minecraft:brewing_stand":1,"minecraft:string":5,"minecraft:wooden_sword":1,"minecraft:cobbled_deepslate":391,"minecraft:beef":1,"minecraft:iron_pickaxe":1,"minecraft:sugar_cane":15,"minecraft:egg":1,"minecraft:stick":7,"minecraft:raw_iron":144,"minecraft:oak_fence":6,"minecraft:torch":7,"minecraft:bowl":1,"minecraft:diorite":41,"minecraft:carrot":10,"minecraft:arrow":9,"minecraft:rotten_flesh":10,"minecraft:hay_block":18,"minecraft:obsidian":4,"minecraft:cod":6,"minecraft:white_wool":3,"minecraft:cobblestone":498,"minecraft:birch_log":14,"minecraft:salmon":3,"minecraft:andesite":21,"minecraft:potato":37,"minecraft:birch_planks":44,"minecraft:flint":3,"minecraft:tuff":64,"minecraft:oak_log":38,"minecraft:lapis_lazuli":73,"minecraft:dirt":11,"minecraft:bone":15,"minecraft:apple":1,"minecraft:stonecutter":1,"minecraft:bow":1,"minecraft:wheat_seeds":108,"minecraft:raw_gold":30,"minecraft:oak_planks":10,"minecraft:poisonous_potato":2,"minecraft:gravel":48,"minecraft:amethyst_shard":8,"minecraft:white_bed":2,"minecraft:spider_eye":2,"minecraft:diamond":37,"minecraft:granite":39,"minecraft:bone_meal":48,"minecraft:oak_sapling":7,"minecraft:coal":31}},"DataVersion":3465}