{"stats":{"minecraft:dropped":{"minecraft:bread":17,"minecraft:wheat_seeds":50,"minecraft:oak_log":6,"minecraft:coal":70,"minecraft:dirt":12,"minecraft:gray_wool":2,"minecraft:milk_bucket":1,"minecraft:diorite":2,"minecraft:torch":55,"minecraft:wooden_sword":1,"minecraft:sugar":6,"minecraft:iron_shovel":2,"minecraft:string":1,"minecraft:white_wool":5,"minecraft:gravel":4,"minecraft:stone_axe":1,"minecraft:rotten_flesh":14,"minecraft:light_gray_wool":1,"minecraft:andesite":1,"minecraft:stone_pickaxe":1},"minecraft:picked_up":{"minecraft:fishing_rod":1,"minecraft:iron_chestplate":1,"minecraft:crafting_table":1,"minecraft:wheat":13,"minecraft:shield":2,"minecraft:cornflower":1,"minecraft:string":1,"minecraft:raw_copper":3,"minecraft:wooden_sword":3,"minecraft:pufferfish":4,"minecraft:beetroot":1,"minecraft:cobbled_deepslate":53,"minecraft:bucket":3,"minecraft:light_gray_wool":1,"minecraft:poppy":2,"minecraft:iron_pickaxe":2,"minecraft:furnace":4,"minecraft:iron_boots":2,"minecraft:stick":4,"minecraft:raw_iron":25,"minecraft:oak_door":1,"minecraft:oak_fence":5,"minecraft:composter":1,"minecraft:copper_ingot":6,"minecraft:torch":26,"minecraft:bowl":1,"minecraft:porkchop":8,"minecraft:diorite":20,"minecraft:carrot":183,"minecraft:redstone":46,"minecraft:cauldron":4,"minecraft:stone_sword":2,"minecraft:arrow":8,"minecraft:rotten_flesh":26,"minecraft:cooked_cod":1,"minecraft:beetroot_seeds":2,"minecraft:hay_block":5,"minecraft:mutton":17,"minecraft:cod":11,"minecraft:cobblestone":1100,"minecraft:white_wool":13,"minecraft:oxeye_daisy":1,"minecraft:salmon":9,"minecraft:andesite":13,"minecraft:potato":792,"minecraft:flint":14,"minecraft:tuff":4,"minecraft:oak_log":42,"minecraft:gunpowder":5,"minecraft:dirt":365,"minecraft:blue_bed":1,"minecraft:lapis_lazuli":13,"minecraft:cooked_mutton":5,"minecraft:bone":13,"minecraft:bow":4,"minecraft:wheat_seeds":113,"minecraft:raw_gold":6,"minecraft:stone_pickaxe":3,"minecraft:iron_ingot":33,"minecraft:stone_hoe":1,"minecraft:oak_planks":78,"minecraft:cooked_porkchop":1,"minecraft:sweet_berries":148,"minecraft:dandelion":2,"minecraft:poisonous_potato":1,"minecraft:gravel":64,"minecraft:lava_bucket":2,"minecraft:white_bed":1,"minecraft:sugar":8,"minecraft:diamond":4,"minecraft:stone_axe":3,"minecraft:iron_helmet":1,"minecraft:granite":44,"minecraft:gray_wool":8,"minecraft:bread":9,"minecraft:oak_sapling":5,"minecraft:coal":328},"minecraft:custom":{"minecraft:mob_kills":38,"minecraft:inspect_hopper":1,"minecraft:interact_with_crafting_table":47,"minecraft:bell_ring":7,"minecraft:leave_game":10,"minecraft:time_since_death":232714,"minecraft:climb_one_cm":696,"minecraft:sprint_one_cm":948219,"minecraft:walk_one_cm":886014,"minecraft:damage_blocked_by_shield":2610,"minecraft:drop":44,"minecraft:talked_to_villager":5,"minecraft:play_time":382825,"minecraft:deaths":3,"minecraft:sneak_time":3762,"minecraft:walk_under_water_one_cm":23075,"minecraft:jump":3254,"minecraft:walk_on_water_one_cm":33486,"minecraft:total_world_time":382825,"minecraft:interact_with_furnace":91,"minecraft:sleep_in_bed":12,"minecraft:time_since_rest":24159,"minecraft:damage_taken":3491,"minecraft:damage_dealt":5834,"minecraft:swim_one_cm":27842,"minecraft:fly_one_cm":485708,"minecraft:player_kills":2,"minecraft:open_chest":91,"minecraft:crouch_one_cm":8413,"minecraft:fish_caught":17,"minecraft:fall_one_cm":67947},"minecraft:broken":{"minecraft:iron_shovel":1,"minecraft:stone_sword":1,"minecraft:stone_hoe":2,"minecraft:stone_pickaxe":5,"minecraft:iron_pickaxe":3},"minecraft:killed_by":{"minecraft:player":1},"minecraft:killed":{"minecraft:witch":1,"minecraft:spider":2,"minecraft:skeleton":7,"minecraft:pig":1,"minecraft:sheep":11,"minecraft:zombie":14},"minecraft:crafted":{"minecraft:oak_door":3,"minecraft:oak_planks":232,"minecraft:fishing_rod":1,"minecraft:oak_pressure_plate":2,"minecraft:furnace":3,"minecraft:yellow_bed":1,"minecraft:bone_meal":24,"minecraft:cooked_mutton":15,"minecraft:flint_and_steel":1,"minecraft:hopper":5,"minecraft:iron_boots":1,"minecraft:stone_pickaxe":7,"minecraft:chest":10,"minecraft:stone_hoe":2,"minecraft:wheat":45,"minecraft:cooked_cod":7,"minecraft:crafting_table":2,"minecraft:baked_potato":12,"minecraft:iron_helmet":1,"minecraft:iron_sword":1,"minecraft:blue_bed":1,"minecraft:bucket":2,"minecraft:stone_axe":1,"minecraft:bread":15,"minecraft:blue_dye":1,"minecraft:iron_chestplate":1,"minecraft:yellow_dye":1,"minecraft:shield":1,"minecraft:stick":124,"minecraft:iron_ingot":67,"minecraft:iron_pickaxe":3,"minecraft:stone_sword":1,"minecraft:iron_shovel":3,"minecraft:iron_leggings":2,"minecraft:white_bed":1,"minecraft:torch":332},"minecraft:mined":{"minecraft:white_bed":2,"minecraft:farmland":1,"minecraft:deepslate_diamond_ore":4,"minecraft:oak_door":1,"minecraft:granite":45,"minecraft:grass_block":276,"minecraft:spruce_leaves":6,"minecraft:composter":1,"minecraft:oxeye_daisy":1,"minecraft:hay_block":5,"minecraft:furnace":3,"minecraft:carrots":61,"minecraft:iron_ore":12,"minecraft:fire":2,"minecraft:andesite":8,"minecraft:deepslate_lapis_ore":2,"minecraft:potatoes":270,"minecraft:water_cauldron":4,"minecraft:deepslate_iron_ore":11,"minecraft:stone":1041,"minecraft:deepslate_redstone_ore":10,"minecraft:dandelion":2,"minecraft:crafting_table":1,"minecraft:cornflower":1,"minecraft:torch":1,"minecraft:copper_ore":1,"minecraft:tall_grass":2,"minecraft:cobblestone":8,"minecraft:deepslate_gold_ore":6,"minecraft:sugar_cane":2,"minecraft:oak_planks":1,"minecraft:diorite":1,"minecraft:blue_bed":1,"minecraft:sweet_berry_bush":73,"minecraft:wheat":36,"minecraft:grass":24,"minecraft:oak_log":37,"minecraft:coal_ore":262,"minecraft:beetroots":1,"minecraft:gravel":39,"minecraft:dirt":79,"minecraft:oak_leaves":1,"minecraft:deepslate":38,"minecraft:fern":2},"minecraft:used":{"minecraft:beetroot":1,"minecraft:stone_sword":148,"minecraft:iron_shovel":285,"minecraft:flint_and_steel":9,"minecraft:chest":5,"minecraft:shield":67,"minecraft:iron_sword":75,"minecraft:stone_hoe":261,"minecraft:rotten_flesh":4,"minecraft:oak_door":2,"minecraft:torch":279,"minecraft:dirt":276,"minecraft:hopper":5,"minecraft:carrot":125,"minecraft:lava_bucket":18,"minecraft:bow":2,"minecraft:sweet_berries":35,"minecraft:furnace":6,"minecraft:oak_sapling":5,"minecraft:cooked_cod":7,"minecraft:potato":401,"minecraft:cobbled_deepslate":133,"minecraft:wheat_seeds":35,"minecraft:cooked_mutton":15,"minecraft:water_bucket":19,"minecraft:stone_pickaxe":773,"minecraft:baked_potato":40,"minecraft:oak_planks":9,"minecraft:composter":1,"minecraft:blue_bed":2,"minecraft:crafting_table":3,"minecraft:cod":7,"minecraft:oxeye_daisy":1,"minecraft:bread":5,"minecraft:iron_pickaxe":749,"minecraft:oak_pressure_plate":2,"minecraft:stone_axe":75,"minecraft:fishing_rod":36,"minecraft:cobblestone":320,"minecraft:cooked_porkchop":1,"minecraft:bucket":42,"minecraft:yellow_bed":1,"minecraft:dandelion":1,"minecraft:bone_meal":24}},"DataVersion":3465}