{"stats":{"minecraft:dropped":{"minecraft:bread":17,"minecraft:wheat_seeds":52,"minecraft:oak_log":6,"minecraft:coal":70,"minecraft:dirt":12,"minecraft:gray_wool":2,"minecraft:milk_bucket":1,"minecraft:diorite":2,"minecraft:torch":55,"minecraft:wooden_sword":1,"minecraft:sugar":6,"minecraft:iron_shovel":2,"minecraft:string":2,"minecraft:white_wool":5,"minecraft:gravel":6,"minecraft:stone_axe":1,"minecraft:tuff":8,"minecraft:rotten_flesh":23,"minecraft:light_gray_wool":1,"minecraft:carrot":1,"minecraft:andesite":1,"minecraft:stone_pickaxe":1},"minecraft:picked_up":{"minecraft:fishing_rod":1,"minecraft:iron_chestplate":1,"minecraft:crafting_table":3,"minecraft:wheat":62,"minecraft:shield":2,"minecraft:cornflower":1,"minecraft:string":2,"minecraft:raw_copper":3,"minecraft:wooden_sword":3,"minecraft:pufferfish":4,"minecraft:beetroot":1,"minecraft:cobbled_deepslate":53,"minecraft:bucket":3,"minecraft:light_gray_wool":1,"minecraft:poppy":4,"minecraft:iron_pickaxe":2,"minecraft:furnace":4,"minecraft:iron_boots":2,"minecraft:stick":6,"minecraft:raw_iron":25,"minecraft:oak_door":1,"minecraft:oak_fence":5,"minecraft:composter":1,"minecraft:copper_ingot":6,"minecraft:torch":40,"minecraft:bowl":1,"minecraft:porkchop":8,"minecraft:diorite":20,"minecraft:carrot":448,"minecraft:redstone":46,"minecraft:cauldron":4,"minecraft:stone_sword":3,"minecraft:arrow":8,"minecraft:rotten_flesh":35,"minecraft:cooked_cod":1,"minecraft:beetroot_seeds":2,"minecraft:hay_block":5,"minecraft:mutton":17,"minecraft:cod":11,"minecraft:cobblestone":1338,"minecraft:white_wool":13,"minecraft:oxeye_daisy":1,"minecraft:andesite":17,"minecraft:salmon":9,"minecraft:potato":1274,"minecraft:flint":15,"minecraft:tuff":8,"minecraft:oak_log":50,"minecraft:gunpowder":5,"minecraft:dirt":1294,"minecraft:blue_bed":1,"minecraft:lapis_lazuli":13,"minecraft:cooked_mutton":5,"minecraft:bone":13,"minecraft:bow":4,"minecraft:wheat_seeds":237,"minecraft:raw_gold":6,"minecraft:iron_ingot":33,"minecraft:stone_pickaxe":4,"minecraft:stone_hoe":1,"minecraft:oak_planks":98,"minecraft:cooked_porkchop":1,"minecraft:sweet_berries":148,"minecraft:dandelion":4,"minecraft:poisonous_potato":3,"minecraft:gravel":66,"minecraft:lava_bucket":2,"minecraft:white_bed":1,"minecraft:mossy_cobblestone":1,"minecraft:sugar":8,"minecraft:diamond":4,"minecraft:stone_axe":4,"minecraft:iron_helmet":1,"minecraft:granite":44,"minecraft:gray_wool":8,"minecraft:bread":9,"minecraft:baked_potato":12,"minecraft:oak_sapling":5,"minecraft:coal":342},"minecraft:custom":{"minecraft:mob_kills":48,"minecraft:inspect_hopper":4,"minecraft:interact_with_crafting_table":53,"minecraft:bell_ring":7,"minecraft:leave_game":11,"minecraft:time_since_death":316998,"minecraft:climb_one_cm":696,"minecraft:sprint_one_cm":1153673,"minecraft:walk_one_cm":1158347,"minecraft:damage_blocked_by_shield":2700,"minecraft:drop":51,"minecraft:talked_to_villager":5,"minecraft:play_time":467109,"minecraft:deaths":3,"minecraft:sneak_time":6704,"minecraft:walk_under_water_one_cm":23328,"minecraft:jump":3688,"minecraft:walk_on_water_one_cm":34114,"minecraft:total_world_time":467109,"minecraft:interact_with_furnace":94,"minecraft:sleep_in_bed":14,"minecraft:time_since_rest":62982,"minecraft:damage_taken":3923,"minecraft:damage_dealt":7726,"minecraft:swim_one_cm":28895,"minecraft:fly_one_cm":557357,"minecraft:player_kills":3,"minecraft:open_chest":110,"minecraft:crouch_one_cm":19571,"minecraft:fish_caught":17,"minecraft:use_cauldron":3,"minecraft:fall_one_cm":76637},"minecraft:broken":{"minecraft:iron_shovel":1,"minecraft:stone_sword":1,"minecraft:stone_hoe":2,"minecraft:stone_pickaxe":7,"minecraft:iron_pickaxe":3,"minecraft:stone_shovel":7},"minecraft:killed_by":{"minecraft:player":1},"minecraft:killed":{"minecraft:witch":1,"minecraft:spider":3,"minecraft:skeleton":7,"minecraft:pig":1,"minecraft:sheep":11,"minecraft:zombie":23},"minecraft:crafted":{"minecraft:oak_door":3,"minecraft:oak_planks":264,"minecraft:stone_shovel":9,"minecraft:fishing_rod":1,"minecraft:oak_pressure_plate":2,"minecraft:furnace":3,"minecraft:yellow_bed":1,"minecraft:bone_meal":24,"minecraft:cooked_mutton":15,"minecraft:flint_and_steel":1,"minecraft:hopper":5,"minecraft:iron_boots":1,"minecraft:stone_pickaxe":7,"minecraft:chest":10,"minecraft:stone_hoe":3,"minecraft:wheat":45,"minecraft:cooked_cod":7,"minecraft:crafting_table":2,"minecraft:baked_potato":12,"minecraft:iron_helmet":1,"minecraft:iron_sword":1,"minecraft:blue_bed":1,"minecraft:bucket":2,"minecraft:stone_axe":1,"minecraft:bread":15,"minecraft:blue_dye":1,"minecraft:iron_chestplate":1,"minecraft:yellow_dye":1,"minecraft:shield":1,"minecraft:stick":164,"minecraft:iron_ingot":67,"minecraft:iron_pickaxe":3,"minecraft:stone_sword":1,"minecraft:iron_shovel":3,"minecraft:iron_leggings":2,"minecraft:white_bed":1,"minecraft:torch":444},"minecraft:mined":{"minecraft:white_bed":2,"minecraft:farmland":2,"minecraft:mossy_cobblestone":1,"minecraft:deepslate_diamond_ore":4,"minecraft:oak_door":1,"minecraft:granite":45,"minecraft:grass_block":787,"minecraft:spruce_leaves":6,"minecraft:composter":1,"minecraft:oxeye_daisy":1,"minecraft:hay_block":5,"minecraft:furnace":3,"minecraft:carrots":129,"minecraft:cobbled_deepslate":2,"minecraft:iron_ore":12,"minecraft:fire":2,"minecraft:andesite":16,"minecraft:deepslate_lapis_ore":2,"minecraft:potatoes":403,"minecraft:water_cauldron":4,"minecraft:deepslate_iron_ore":11,"minecraft:stone":1292,"minecraft:deepslate_redstone_ore":10,"minecraft:dandelion":4,"minecraft:crafting_table":3,"minecraft:cornflower":1,"minecraft:torch":6,"minecraft:poppy":2,"minecraft:cobblestone":12,"minecraft:copper_ore":1,"minecraft:tall_grass":5,"minecraft:deepslate_gold_ore":6,"minecraft:sugar_cane":2,"minecraft:oak_planks":1,"minecraft:diorite":1,"minecraft:blue_bed":1,"minecraft:wheat":87,"minecraft:sweet_berry_bush":73,"minecraft:grass":31,"minecraft:coal_ore":276,"minecraft:oak_log":37,"minecraft:beetroots":1,"minecraft:gravel":42,"minecraft:dirt":560,"minecraft:oak_leaves":1,"minecraft:deepslate":38,"minecraft:fern":2},"minecraft:used":{"minecraft:beetroot":1,"minecraft:stone_sword":148,"minecraft:iron_shovel":285,"minecraft:flint_and_steel":9,"minecraft:stone_shovel":981,"minecraft:chest":5,"minecraft:shield":70,"minecraft:iron_sword":124,"minecraft:stone_hoe":646,"minecraft:rotten_flesh":4,"minecraft:oak_door":2,"minecraft:torch":345,"minecraft:dirt":1073,"minecraft:hopper":5,"minecraft:carrot":246,"minecraft:lava_bucket":18,"minecraft:bow":2,"minecraft:sweet_berries":35,"minecraft:furnace":6,"minecraft:oak_sapling":5,"minecraft:cooked_cod":7,"minecraft:potato":569,"minecraft:cobbled_deepslate":133,"minecraft:wheat_seeds":35,"minecraft:cooked_mutton":15,"minecraft:water_bucket":28,"minecraft:stone_pickaxe":1053,"minecraft:baked_potato":53,"minecraft:oak_planks":9,"minecraft:composter":1,"minecraft:blue_bed":2,"minecraft:crafting_table":4,"minecraft:cod":7,"minecraft:oxeye_daisy":1,"minecraft:bread":5,"minecraft:iron_pickaxe":749,"minecraft:oak_pressure_plate":2,"minecraft:stone_axe":76,"minecraft:fishing_rod":36,"minecraft:cobblestone":320,"minecraft:cooked_porkchop":1,"minecraft:bucket":53,"minecraft:yellow_bed":1,"minecraft:dandelion":1,"minecraft:bone_meal":24}},"DataVersion":3465}