{"stats":{"minecraft:killed":{"minecraft:cave_spider":1,"minecraft:witch":1,"minecraft:spider":5,"minecraft:skeleton":15,"minecraft:pig":1,"minecraft:frog":1,"minecraft:sheep":12,"minecraft:pillager":1,"minecraft:zombie":32},"minecraft:crafted":{"minecraft:oak_door":3,"minecraft:oak_planks":264,"minecraft:stone_shovel":9,"minecraft:fishing_rod":1,"minecraft:oak_pressure_plate":2,"minecraft:furnace":4,"minecraft:yellow_bed":1,"minecraft:bone_meal":75,"minecraft:cooked_mutton":15,"minecraft:flint_and_steel":1,"minecraft:hopper":5,"minecraft:iron_boots":1,"minecraft:stone_pickaxe":7,"minecraft:chest":10,"minecraft:stone_hoe":3,"minecraft:wheat":45,"minecraft:smoker":1,"minecraft:cooked_cod":7,"minecraft:oak_slab":60,"minecraft:crafting_table":3,"minecraft:baked_potato":12,"minecraft:iron_helmet":1,"minecraft:iron_sword":1,"minecraft:blue_bed":1,"minecraft:bucket":2,"minecraft:stone_axe":1,"minecraft:bread":15,"minecraft:blue_dye":1,"minecraft:oak_boat":1,"minecraft:iron_chestplate":1,"minecraft:yellow_dye":1,"minecraft:golden_apple":1,"minecraft:shield":1,"minecraft:stick":232,"minecraft:iron_pickaxe":4,"minecraft:iron_ingot":67,"minecraft:stone_sword":1,"minecraft:iron_shovel":3,"minecraft:iron_leggings":2,"minecraft:white_bed":1,"minecraft:torch":660},"minecraft:used":{"minecraft:beetroot":1,"minecraft:oak_fence":8,"minecraft:stone_sword":167,"minecraft:iron_shovel":285,"minecraft:flint_and_steel":9,"minecraft:stone_shovel":1031,"minecraft:chest":6,"minecraft:shield":106,"minecraft:iron_sword":233,"minecraft:stone_hoe":651,"minecraft:rotten_flesh":4,"minecraft:oak_door":2,"minecraft:torch":628,"minecraft:dirt":1073,"minecraft:hopper":6,"minecraft:carrot":278,"minecraft:milk_bucket":1,"minecraft:lava_bucket":19,"minecraft:bow":2,"minecraft:sweet_berries":107,"minecraft:furnace":6,"minecraft:oak_sapling":5,"minecraft:cooked_cod":7,"minecraft:potato":812,"minecraft:cobbled_deepslate":177,"minecraft:wheat_seeds":135,"minecraft:cooked_mutton":15,"minecraft:water_bucket":35,"minecraft:stone_pickaxe":1094,"minecraft:oak_planks":9,"minecraft:baked_potato":93,"minecraft:composter":1,"minecraft:blue_bed":2,"minecraft:golden_apple":1,"minecraft:oak_slab":60,"minecraft:crafting_table":6,"minecraft:crossbow":4,"minecraft:cod":7,"minecraft:smoker":3,"minecraft:oxeye_daisy":1,"minecraft:bread":5,"minecraft:iron_pickaxe":1025,"minecraft:oak_pressure_plate":2,"minecraft:stone_axe":76,"minecraft:fishing_rod":36,"minecraft:cobblestone":320,"minecraft:cooked_porkchop":1,"minecraft:bucket":70,"minecraft:yellow_bed":1,"minecraft:oak_boat":1,"minecraft:dandelion":1,"minecraft:bone_meal":78},"minecraft:killed_by":{"minecraft:player":1},"minecraft:custom":{"minecraft:mob_kills":71,"minecraft:inspect_hopper":14,"minecraft:interact_with_crafting_table":64,"minecraft:fill_cauldron":1,"minecraft:bell_ring":7,"minecraft:leave_game":12,"minecraft:time_since_death":443151,"minecraft:climb_one_cm":2472,"minecraft:sprint_one_cm":1613942,"minecraft:walk_one_cm":1523107,"minecraft:damage_blocked_by_shield":4140,"minecraft:drop":61,"minecraft:talked_to_villager":5,"minecraft:play_time":593262,"minecraft:deaths":3,"minecraft:sneak_time":7153,"minecraft:walk_under_water_one_cm":24202,"minecraft:boat_one_cm":27090,"minecraft:jump":5064,"minecraft:walk_on_water_one_cm":44598,"minecraft:total_world_time":593262,"minecraft:interact_with_furnace":99,"minecraft:sleep_in_bed":14,"minecraft:time_since_rest":189135,"minecraft:damage_taken":5388,"minecraft:damage_dealt":11946,"minecraft:swim_one_cm":36115,"minecraft:fly_one_cm":817508,"minecraft:player_kills":3,"minecraft:open_chest":185,"minecraft:crouch_one_cm":19955,"minecraft:interact_with_smoker":6,"minecraft:fish_caught":17,"minecraft:fall_one_cm":112032,"minecraft:use_cauldron":12},"minecraft:mined":{"minecraft:white_bed":2,"minecraft:farmland":2,"minecraft:mossy_cobblestone":1,"minecraft:deepslate_diamond_ore":7,"minecraft:oak_door":1,"minecraft:granite":53,"minecraft:grass_block":836,"minecraft:spruce_leaves":6,"minecraft:hopper":1,"minecraft:composter":1,"minecraft:oxeye_daisy":1,"minecraft:hay_block":5,"minecraft:carrots":162,"minecraft:furnace":4,"minecraft:fire":2,"minecraft:iron_ore":33,"minecraft:cobbled_deepslate":3,"minecraft:andesite":18,"minecraft:deepslate_lapis_ore":7,"minecraft:potatoes":647,"minecraft:water_cauldron":4,"minecraft:deepslate_iron_ore":58,"minecraft:stone":1347,"minecraft:deepslate_redstone_ore":20,"minecraft:oak_slab":1,"minecraft:smoker":2,"minecraft:dandelion":4,"minecraft:crafting_table":3,"minecraft:cornflower":1,"minecraft:torch":6,"minecraft:poppy":2,"minecraft:chest":1,"minecraft:cobblestone":12,"minecraft:tall_grass":5,"minecraft:copper_ore":4,"minecraft:deepslate_gold_ore":45,"minecraft:sugar_cane":3,"minecraft:oak_planks":1,"minecraft:diorite":38,"minecraft:wall_torch":1,"minecraft:blue_bed":1,"minecraft:seagrass":1,"minecraft:wheat":87,"minecraft:sweet_berry_bush":81,"minecraft:grass":34,"minecraft:oak_log":37,"minecraft:coal_ore":276,"minecraft:beetroots":1,"minecraft:gravel":42,"minecraft:dirt":563,"minecraft:cobweb":17,"minecraft:oak_leaves":2,"minecraft:deepslate":116,"minecraft:fern":2},"minecraft:picked_up":{"minecraft:fishing_rod":1,"minecraft:iron_chestplate":1,"minecraft:crafting_table":3,"minecraft:wheat":62,"minecraft:shield":2,"minecraft:cornflower":1,"minecraft:string":15,"minecraft:raw_copper":16,"minecraft:wooden_sword":3,"minecraft:pufferfish":4,"minecraft:beetroot":1,"minecraft:cobbled_deepslate":131,"minecraft:bucket":3,"minecraft:oak_boat":1,"minecraft:iron_pickaxe":3,"minecraft:poppy":4,"minecraft:light_gray_wool":1,"minecraft:sugar_cane":2,"minecraft:chest":1,"minecraft:iron_boots":2,"minecraft:furnace":4,"minecraft:stick":22,"minecraft:raw_iron":93,"minecraft:oak_door":1,"minecraft:composter":1,"minecraft:copper_ingot":6,"minecraft:oak_fence":5,"minecraft:torch":44,"minecraft:bowl":1,"minecraft:porkchop":8,"minecraft:diorite":57,"minecraft:carrot":565,"minecraft:redstone":84,"minecraft:cauldron":4,"minecraft:stone_sword":3,"minecraft:arrow":19,"minecraft:rotten_flesh":40,"minecraft:cooked_cod":1,"minecraft:beetroot_seeds":2,"minecraft:hay_block":5,"minecraft:mutton":18,"minecraft:cod":11,"minecraft:cobblestone":1402,"minecraft:white_wool":14,"minecraft:oxeye_daisy":1,"minecraft:andesite":17,"minecraft:salmon":9,"minecraft:potato":2261,"minecraft:flint":15,"minecraft:tuff":8,"minecraft:oak_log":50,"minecraft:lily_pad":15,"minecraft:gunpowder":5,"minecraft:dirt":1364,"minecraft:blue_bed":1,"minecraft:lapis_lazuli":13,"minecraft:white_banner":1,"minecraft:cooked_mutton":5,"minecraft:bone":20,"minecraft:bow":5,"minecraft:wheat_seeds":237,"minecraft:raw_gold":45,"minecraft:iron_ingot":33,"minecraft:stone_pickaxe":4,"minecraft:stone_hoe":1,"minecraft:oak_planks":98,"minecraft:oak_slab":2,"minecraft:milk_bucket":1,"minecraft:cooked_porkchop":1,"minecraft:sweet_berries":359,"minecraft:dandelion":4,"minecraft:poisonous_potato":12,"minecraft:gravel":66,"minecraft:lava_bucket":3,"minecraft:white_bed":1,"minecraft:spider_eye":1,"minecraft:mossy_cobblestone":1,"minecraft:sugar":8,"minecraft:diamond":7,"minecraft:stone_axe":4,"minecraft:iron_helmet":1,"minecraft:granite":53,"minecraft:crossbow":1,"minecraft:gray_wool":8,"minecraft:emerald":1,"minecraft:bread":9,"minecraft:baked_potato":12,"minecraft:oak_sapling":5,"minecraft:coal":342,"minecraft:hopper":1},"minecraft:dropped":{"minecraft:bread":17,"minecraft:oak_slab":2,"minecraft:wheat_seeds":52,"minecraft:oak_log":6,"minecraft:poisonous_potato":4,"minecraft:granite":9,"minecraft:coal":70,"minecraft:dirt":15,"minecraft:gray_wool":2,"minecraft:milk_bucket":1,"minecraft:diorite":39,"minecraft:torch":55,"minecraft:wooden_sword":1,"minecraft:sugar":6,"minecraft:iron_shovel":2,"minecraft:string":2,"minecraft:white_wool":5,"minecraft:gravel":6,"minecraft:stone_axe":1,"minecraft:raw_copper":13,"minecraft:tuff":8,"minecraft:rotten_flesh":27,"minecraft:light_gray_wool":1,"minecraft:carrot":1,"minecraft:andesite":5,"minecraft:stone_pickaxe":1},"minecraft:broken":{"minecraft:iron_shovel":1,"minecraft:stone_sword":1,"minecraft:iron_boots":1,"minecraft:stone_hoe":3,"minecraft:stone_pickaxe":7,"minecraft:iron_pickaxe":4,"minecraft:iron_helmet":1,"minecraft:stone_shovel":7}},"DataVersion":3465}