{"stats":{"minecraft:killed":{"minecraft:cave_spider":1,"minecraft:witch":1,"minecraft:spider":6,"minecraft:skeleton":17,"minecraft:pig":1,"minecraft:frog":1,"minecraft:sheep":12,"minecraft:pillager":1,"minecraft:zombie":81,"minecraft:blaze":6,"minecraft:cow":1},"minecraft:picked_up":{"minecraft:fishing_rod":2,"minecraft:iron_chestplate":3,"minecraft:crafting_table":4,"minecraft:wheat":64,"minecraft:nether_brick_fence":3,"minecraft:shield":2,"minecraft:cornflower":1,"minecraft:music_disc_cat":1,"minecraft:string":34,"minecraft:raw_copper":16,"minecraft:wooden_sword":3,"minecraft:flint_and_steel":1,"minecraft:iron_leggings":1,"minecraft:pufferfish":4,"minecraft:beetroot":2,"minecraft:cobbled_deepslate":164,"minecraft:bucket":3,"minecraft:oak_boat":2,"minecraft:light_gray_wool":1,"minecraft:poppy":4,"minecraft:iron_pickaxe":3,"minecraft:sugar_cane":2,"minecraft:chest":3,"minecraft:iron_boots":2,"minecraft:furnace":4,"minecraft:stick":27,"minecraft:raw_iron":118,"minecraft:oak_door":1,"minecraft:oak_fence":6,"minecraft:composter":1,"minecraft:copper_ingot":6,"minecraft:torch":51,"minecraft:bowl":1,"minecraft:porkchop":8,"minecraft:diorite":77,"minecraft:carrot":565,"minecraft:redstone":122,"minecraft:cauldron":4,"minecraft:rotten_flesh":66,"minecraft:stone_sword":4,"minecraft:stone_shovel":1,"minecraft:arrow":28,"minecraft:cooked_cod":1,"minecraft:beetroot_seeds":7,"minecraft:nether_bricks":3,"minecraft:hay_block":5,"minecraft:saddle":1,"minecraft:blaze_rod":4,"minecraft:mutton":18,"minecraft:cod":11,"minecraft:white_wool":14,"minecraft:cobblestone":1655,"minecraft:oxeye_daisy":1,"minecraft:crimson_stem":4,"minecraft:andesite":31,"minecraft:salmon":9,"minecraft:potato":2866,"minecraft:flint":15,"minecraft:tuff":8,"minecraft:oak_log":96,"minecraft:lily_pad":15,"minecraft:yellow_bed":1,"minecraft:nether_wart_block":2,"minecraft:gunpowder":6,"minecraft:dirt":1641,"minecraft:lapis_lazuli":13,"minecraft:blue_bed":2,"minecraft:white_banner":1,"minecraft:name_tag":1,"minecraft:cooked_mutton":5,"minecraft:bone":49,"minecraft:bow":7,"minecraft:wheat_seeds":239,"minecraft:raw_gold":104,"minecraft:stone_pickaxe":5,"minecraft:iron_ingot":150,"minecraft:stone_hoe":1,"minecraft:iron_sword":1,"minecraft:oak_planks":103,"minecraft:oak_slab":2,"minecraft:milk_bucket":1,"minecraft:cooked_porkchop":1,"minecraft:sweet_berries":359,"minecraft:quartz":61,"minecraft:dandelion":4,"minecraft:poisonous_potato":17,"minecraft:gravel":66,"minecraft:lava_bucket":5,"minecraft:white_bed":3,"minecraft:spider_eye":2,"minecraft:mossy_cobblestone":28,"minecraft:sugar":10,"minecraft:diamond":16,"minecraft:stone_axe":5,"minecraft:iron_helmet":1,"minecraft:crossbow":2,"minecraft:granite":53,"minecraft:golden_apple":1,"minecraft:gray_wool":8,"minecraft:bread":11,"minecraft:golden_horse_armor":1,"minecraft:emerald":2,"minecraft:baked_potato":19,"minecraft:oak_sapling":5,"minecraft:netherrack":70,"minecraft:coal":344,"minecraft:hopper":2},"minecraft:killed_by":{"minecraft:player":1,"minecraft:llama":1},"minecraft:custom":{"minecraft:mob_kills":132,"minecraft:inspect_hopper":15,"minecraft:interact_with_crafting_table":95,"minecraft:fill_cauldron":2,"minecraft:bell_ring":7,"minecraft:leave_game":20,"minecraft:time_since_death":170959,"minecraft:climb_one_cm":2472,"minecraft:sprint_one_cm":2328231,"minecraft:walk_one_cm":2007039,"minecraft:damage_blocked_by_shield":4445,"minecraft:drop":79,"minecraft:talked_to_villager":5,"minecraft:deaths":4,"minecraft:sneak_time":9301,"minecraft:play_time":829308,"minecraft:walk_under_water_one_cm":25488,"minecraft:boat_one_cm":27090,"minecraft:jump":7722,"minecraft:walk_on_water_one_cm":59353,"minecraft:total_world_time":829308,"minecraft:interact_with_furnace":128,"minecraft:sleep_in_bed":19,"minecraft:time_since_rest":36283,"minecraft:damage_taken":8221,"minecraft:damage_dealt":22130,"minecraft:swim_one_cm":43860,"minecraft:fly_one_cm":1293388,"minecraft:player_kills":3,"minecraft:open_chest":234,"minecraft:crouch_one_cm":27371,"minecraft:interact_with_smoker":7,"minecraft:fish_caught":17,"minecraft:use_cauldron":23,"minecraft:fall_one_cm":180028},"minecraft:crafted":{"minecraft:oak_door":3,"minecraft:oak_planks":324,"minecraft:cobblestone_slab":6,"minecraft:stone_shovel":9,"minecraft:fishing_rod":1,"minecraft:oak_pressure_plate":2,"minecraft:furnace":5,"minecraft:yellow_bed":1,"minecraft:bone_meal":75,"minecraft:cooked_mutton":15,"minecraft:flint_and_steel":1,"minecraft:hopper":6,"minecraft:iron_boots":2,"minecraft:iron_axe":1,"minecraft:stone_pickaxe":7,"minecraft:chest":10,"minecraft:stone_hoe":3,"minecraft:oak_fence":30,"minecraft:golden_helmet":1,"minecraft:wheat":45,"minecraft:smoker":1,"minecraft:cooked_cod":7,"minecraft:crimson_planks":16,"minecraft:oak_slab":60,"minecraft:crafting_table":5,"minecraft:baked_potato":68,"minecraft:iron_helmet":1,"minecraft:iron_sword":2,"minecraft:blue_bed":1,"minecraft:bucket":4,"minecraft:stone_axe":1,"minecraft:bread":15,"minecraft:air":0,"minecraft:blue_dye":1,"minecraft:oak_boat":1,"minecraft:iron_chestplate":2,"minecraft:yellow_dye":1,"minecraft:golden_apple":1,"minecraft:charcoal":5,"minecraft:shield":2,"minecraft:stick":276,"minecraft:iron_pickaxe":6,"minecraft:iron_ingot":174,"minecraft:stone_sword":1,"minecraft:gold_ingot":7,"minecraft:iron_shovel":4,"minecraft:iron_leggings":3,"minecraft:white_bed":1,"minecraft:torch":732},"minecraft:dropped":{"minecraft:bread":17,"minecraft:oak_slab":2,"minecraft:wheat_seeds":52,"minecraft:oak_log":6,"minecraft:mossy_cobblestone":27,"minecraft:poisonous_potato":9,"minecraft:cobblestone":1,"minecraft:granite":9,"minecraft:coal":70,"minecraft:dirt":15,"minecraft:gray_wool":2,"minecraft:milk_bucket":1,"minecraft:diorite":39,"minecraft:torch":63,"minecraft:iron_leggings":1,"minecraft:wooden_sword":1,"minecraft:sugar":8,"minecraft:iron_pickaxe":1,"minecraft:iron_shovel":2,"minecraft:string":2,"minecraft:white_wool":5,"minecraft:bone":28,"minecraft:gravel":6,"minecraft:stone_axe":1,"minecraft:raw_copper":13,"minecraft:tuff":8,"minecraft:rotten_flesh":47,"minecraft:light_gray_wool":1,"minecraft:carrot":1,"minecraft:iron_chestplate":2,"minecraft:andesite":7,"minecraft:beetroot_seeds":1,"minecraft:spider_eye":1,"minecraft:stone_pickaxe":1,"minecraft:netherrack":23},"minecraft:mined":{"minecraft:white_bed":4,"minecraft:farmland":2,"minecraft:mossy_cobblestone":28,"minecraft:deepslate_diamond_ore":10,"minecraft:oak_door":1,"minecraft:nether_bricks":3,"minecraft:granite":80,"minecraft:grass_block":947,"minecraft:spruce_leaves":6,"minecraft:composter":1,"minecraft:hopper":2,"minecraft:oxeye_daisy":1,"minecraft:crimson_stem":5,"minecraft:hay_block":5,"minecraft:furnace":4,"minecraft:carrots":162,"minecraft:iron_ore":50,"minecraft:fire":8,"minecraft:cobbled_deepslate":3,"minecraft:andesite":32,"minecraft:deepslate_lapis_ore":7,"minecraft:nether_brick_fence":3,"minecraft:potatoes":810,"minecraft:deepslate_iron_ore":68,"minecraft:water_cauldron":4,"minecraft:dirt_path":44,"minecraft:stone":1609,"minecraft:deepslate_redstone_ore":20,"minecraft:oak_slab":1,"minecraft:blackstone":1,"minecraft:smoker":2,"minecraft:basalt":15,"minecraft:dandelion":4,"minecraft:oak_fence":1,"minecraft:crafting_table":4,"minecraft:cornflower":1,"minecraft:torch":8,"minecraft:poppy":2,"minecraft:chest":3,"minecraft:nether_quartz_ore":92,"minecraft:copper_ore":5,"minecraft:tall_grass":5,"minecraft:cobblestone":47,"minecraft:deepslate_gold_ore":55,"minecraft:sugar_cane":3,"minecraft:oak_planks":1,"minecraft:blue_bed":2,"minecraft:diorite":58,"minecraft:wall_torch":6,"minecraft:warped_wart_block":1,"minecraft:seagrass":1,"minecraft:nether_wart_block":5,"minecraft:wheat":87,"minecraft:sweet_berry_bush":81,"minecraft:yellow_bed":1,"minecraft:grass":43,"minecraft:coal_ore":276,"minecraft:oak_log":78,"minecraft:beetroots":3,"minecraft:gravel":44,"minecraft:dirt":795,"minecraft:cobweb":17,"minecraft:netherrack":34,"minecraft:oak_leaves":6,"minecraft:deepslate":126,"minecraft:fern":2},"minecraft:broken":{"minecraft:iron_shovel":1,"minecraft:stone_sword":1,"minecraft:iron_boots":1,"minecraft:stone_hoe":3,"minecraft:stone_pickaxe":7,"minecraft:shield":1,"minecraft:stone_axe":1,"minecraft:iron_pickaxe":7,"minecraft:iron_helmet":1,"minecraft:fishing_rod":1,"minecraft:stone_shovel":8},"minecraft:used":{"minecraft:beetroot":2,"minecraft:oak_fence":39,"minecraft:stone_sword":253,"minecraft:iron_shovel":467,"minecraft:flint_and_steel":13,"minecraft:stone_shovel":1167,"minecraft:chest":7,"minecraft:shield":109,"minecraft:iron_sword":364,"minecraft:netherrack":1,"minecraft:rotten_flesh":4,"minecraft:stone_hoe":651,"minecraft:oak_door":2,"minecraft:iron_chestplate":1,"minecraft:torch":678,"minecraft:dirt":1085,"minecraft:hopper":7,"minecraft:carrot":278,"minecraft:milk_bucket":1,"minecraft:lava_bucket":20,"minecraft:iron_axe":2,"minecraft:bow":2,"minecraft:sweet_berries":107,"minecraft:furnace":7,"minecraft:oak_sapling":5,"minecraft:cooked_cod":7,"minecraft:potato":976,"minecraft:cobbled_deepslate":220,"minecraft:wheat_seeds":135,"minecraft:cooked_mutton":15,"minecraft:water_bucket":41,"minecraft:stone_pickaxe":1114,"minecraft:oak_planks":9,"minecraft:baked_potato":160,"minecraft:composter":1,"minecraft:blue_bed":3,"minecraft:cobblestone_slab":1,"minecraft:golden_apple":2,"minecraft:oak_slab":60,"minecraft:crafting_table":9,"minecraft:crossbow":10,"minecraft:white_bed":2,"minecraft:cod":7,"minecraft:smoker":3,"minecraft:diamond_pickaxe":97,"minecraft:oxeye_daisy":1,"minecraft:bread":5,"minecraft:iron_pickaxe":1541,"minecraft:oak_pressure_plate":2,"minecraft:stone_axe":155,"minecraft:fishing_rod":69,"minecraft:cobblestone":485,"minecraft:cooked_porkchop":1,"minecraft:bucket":87,"minecraft:yellow_bed":2,"minecraft:oak_boat":2,"minecraft:bone_meal":78,"minecraft:dandelion":1}},"DataVersion":3465}