{"stats":{"minecraft:dropped":{"minecraft:bread":17,"minecraft:wheat_seeds":50,"minecraft:oak_log":6,"minecraft:coal":6,"minecraft:gray_wool":2,"minecraft:milk_bucket":1,"minecraft:torch":55,"minecraft:wooden_sword":1,"minecraft:white_wool":5,"minecraft:rotten_flesh":2,"minecraft:light_gray_wool":1,"minecraft:andesite":1},"minecraft:picked_up":{"minecraft:fishing_rod":1,"minecraft:iron_chestplate":1,"minecraft:crafting_table":1,"minecraft:wheat":13,"minecraft:shield":2,"minecraft:cornflower":1,"minecraft:string":1,"minecraft:raw_copper":3,"minecraft:wooden_sword":3,"minecraft:pufferfish":4,"minecraft:beetroot":1,"minecraft:cobbled_deepslate":42,"minecraft:bucket":3,"minecraft:light_gray_wool":1,"minecraft:poppy":2,"minecraft:iron_pickaxe":2,"minecraft:iron_boots":2,"minecraft:furnace":4,"minecraft:stick":4,"minecraft:raw_iron":25,"minecraft:oak_door":1,"minecraft:composter":1,"minecraft:copper_ingot":6,"minecraft:oak_fence":5,"minecraft:torch":26,"minecraft:bowl":1,"minecraft:porkchop":8,"minecraft:diorite":19,"minecraft:carrot":56,"minecraft:redstone":46,"minecraft:cauldron":4,"minecraft:stone_sword":2,"minecraft:arrow":7,"minecraft:rotten_flesh":18,"minecraft:cooked_cod":1,"minecraft:beetroot_seeds":2,"minecraft:hay_block":5,"minecraft:mutton":17,"minecraft:cod":11,"minecraft:cobblestone":445,"minecraft:white_wool":13,"minecraft:oxeye_daisy":1,"minecraft:andesite":13,"minecraft:salmon":9,"minecraft:potato":537,"minecraft:flint":13,"minecraft:oak_log":42,"minecraft:gunpowder":5,"minecraft:blue_bed":1,"minecraft:dirt":56,"minecraft:lapis_lazuli":13,"minecraft:cooked_mutton":5,"minecraft:bone":13,"minecraft:bow":4,"minecraft:wheat_seeds":113,"minecraft:raw_gold":6,"minecraft:iron_ingot":33,"minecraft:stone_pickaxe":3,"minecraft:oak_planks":77,"minecraft:stone_hoe":1,"minecraft:cooked_porkchop":1,"minecraft:dandelion":2,"minecraft:poisonous_potato":1,"minecraft:gravel":64,"minecraft:lava_bucket":2,"minecraft:white_bed":1,"minecraft:sugar":2,"minecraft:diamond":4,"minecraft:stone_axe":2,"minecraft:iron_helmet":1,"minecraft:granite":44,"minecraft:gray_wool":8,"minecraft:bread":9,"minecraft:oak_sapling":5,"minecraft:coal":324},"minecraft:custom":{"minecraft:mob_kills":35,"minecraft:inspect_hopper":1,"minecraft:interact_with_crafting_table":42,"minecraft:bell_ring":7,"minecraft:leave_game":9,"minecraft:time_since_death":154604,"minecraft:climb_one_cm":696,"minecraft:sprint_one_cm":670767,"minecraft:walk_one_cm":689942,"minecraft:damage_blocked_by_shield":2065,"minecraft:drop":29,"minecraft:talked_to_villager":5,"minecraft:play_time":304715,"minecraft:deaths":3,"minecraft:sneak_time":1994,"minecraft:walk_under_water_one_cm":20812,"minecraft:jump":2358,"minecraft:walk_on_water_one_cm":26587,"minecraft:total_world_time":304715,"minecraft:interact_with_furnace":90,"minecraft:sleep_in_bed":10,"minecraft:time_since_rest":38328,"minecraft:damage_taken":2878,"minecraft:damage_dealt":4664,"minecraft:swim_one_cm":23127,"minecraft:fly_one_cm":255982,"minecraft:player_kills":1,"minecraft:open_chest":72,"minecraft:crouch_one_cm":2058,"minecraft:fish_caught":17,"minecraft:fall_one_cm":46591},"minecraft:broken":{"minecraft:stone_sword":1,"minecraft:stone_hoe":2,"minecraft:stone_pickaxe":3,"minecraft:iron_pickaxe":1},"minecraft:killed_by":{"minecraft:player":1},"minecraft:killed":{"minecraft:witch":1,"minecraft:spider":2,"minecraft:skeleton":6,"minecraft:pig":1,"minecraft:sheep":11,"minecraft:zombie":12},"minecraft:crafted":{"minecraft:oak_door":3,"minecraft:oak_planks":232,"minecraft:fishing_rod":1,"minecraft:oak_pressure_plate":2,"minecraft:furnace":3,"minecraft:yellow_bed":1,"minecraft:bone_meal":24,"minecraft:cooked_mutton":15,"minecraft:hopper":5,"minecraft:iron_boots":1,"minecraft:stone_pickaxe":3,"minecraft:chest":10,"minecraft:stone_hoe":2,"minecraft:wheat":45,"minecraft:cooked_cod":7,"minecraft:crafting_table":2,"minecraft:baked_potato":12,"minecraft:iron_helmet":1,"minecraft:iron_sword":1,"minecraft:blue_bed":1,"minecraft:bucket":2,"minecraft:stone_axe":1,"minecraft:bread":15,"minecraft:blue_dye":1,"minecraft:iron_chestplate":1,"minecraft:yellow_dye":1,"minecraft:shield":1,"minecraft:stick":100,"minecraft:iron_ingot":67,"minecraft:iron_pickaxe":2,"minecraft:stone_sword":1,"minecraft:iron_leggings":2,"minecraft:white_bed":1,"minecraft:torch":324},"minecraft:mined":{"minecraft:white_bed":2,"minecraft:farmland":1,"minecraft:deepslate_diamond_ore":4,"minecraft:oak_door":1,"minecraft:granite":45,"minecraft:grass_block":41,"minecraft:composter":1,"minecraft:oxeye_daisy":1,"minecraft:hay_block":5,"minecraft:carrots":19,"minecraft:furnace":3,"minecraft:iron_ore":12,"minecraft:andesite":8,"minecraft:deepslate_lapis_ore":2,"minecraft:potatoes":175,"minecraft:water_cauldron":4,"minecraft:deepslate_iron_ore":11,"minecraft:stone":377,"minecraft:deepslate_redstone_ore":10,"minecraft:dandelion":2,"minecraft:crafting_table":1,"minecraft:cornflower":1,"minecraft:torch":1,"minecraft:cobblestone":8,"minecraft:copper_ore":1,"minecraft:tall_grass":2,"minecraft:deepslate_gold_ore":6,"minecraft:diorite":1,"minecraft:blue_bed":1,"minecraft:wheat":36,"minecraft:grass":23,"minecraft:oak_log":37,"minecraft:coal_ore":258,"minecraft:beetroots":1,"minecraft:gravel":38,"minecraft:dirt":16,"minecraft:oak_leaves":1,"minecraft:deepslate":36},"minecraft:used":{"minecraft:beetroot":1,"minecraft:stone_sword":148,"minecraft:chest":5,"minecraft:shield":56,"minecraft:iron_sword":31,"minecraft:stone_hoe":261,"minecraft:rotten_flesh":4,"minecraft:oak_door":2,"minecraft:torch":247,"minecraft:dirt":23,"minecraft:hopper":5,"minecraft:carrot":56,"minecraft:lava_bucket":9,"minecraft:bow":2,"minecraft:oak_sapling":5,"minecraft:furnace":6,"minecraft:cooked_cod":7,"minecraft:potato":306,"minecraft:cobbled_deepslate":97,"minecraft:wheat_seeds":35,"minecraft:cooked_mutton":15,"minecraft:water_bucket":17,"minecraft:stone_pickaxe":486,"minecraft:baked_potato":17,"minecraft:oak_planks":8,"minecraft:composter":1,"minecraft:blue_bed":2,"minecraft:crafting_table":2,"minecraft:cod":7,"minecraft:oxeye_daisy":1,"minecraft:bread":5,"minecraft:iron_pickaxe":350,"minecraft:oak_pressure_plate":2,"minecraft:stone_axe":75,"minecraft:fishing_rod":36,"minecraft:cobblestone":266,"minecraft:cooked_porkchop":1,"minecraft:bucket":30,"minecraft:yellow_bed":1,"minecraft:dandelion":1,"minecraft:bone_meal":24}},"DataVersion":3465}