{"stats":{"minecraft:killed":{"minecraft:cave_spider":1,"minecraft:witch":1,"minecraft:spider":6,"minecraft:skeleton":18,"minecraft:chicken":1,"minecraft:pig":1,"minecraft:sheep":12,"minecraft:pillager":1,"minecraft:zombie":118,"minecraft:blaze":15,"minecraft:cow":1,"minecraft:frog":1},"minecraft:picked_up":{"minecraft:iron_chestplate":3,"minecraft:wheat":64,"minecraft:nether_brick_fence":3,"minecraft:music_disc_cat":1,"minecraft:string":34,"minecraft:raw_copper":16,"minecraft:iron_leggings":1,"minecraft:pufferfish":4,"minecraft:beetroot":2,"minecraft:cobbled_deepslate":164,"minecraft:bucket":3,"minecraft:cobblestone_slab":2,"minecraft:iron_pickaxe":3,"minecraft:iron_boots":2,"minecraft:furnace":4,"minecraft:stick":29,"minecraft:composter":1,"minecraft:oak_fence":6,"minecraft:torch":61,"minecraft:porkchop":8,"minecraft:diorite":100,"minecraft:cauldron":4,"minecraft:stone_sword":4,"minecraft:rotten_flesh":160,"minecraft:blaze_rod":9,"minecraft:cod":11,"minecraft:cobblestone":1678,"minecraft:andesite":35,"minecraft:potato":2869,"minecraft:flint":15,"minecraft:tuff":11,"minecraft:lapis_lazuli":13,"minecraft:dirt":1641,"minecraft:name_tag":1,"minecraft:bone":51,"minecraft:bow":7,"minecraft:wheat_seeds":239,"minecraft:raw_gold":104,"minecraft:oak_planks":103,"minecraft:stone_hoe":1,"minecraft:cooked_porkchop":1,"minecraft:poisonous_potato":17,"minecraft:mossy_cobblestone":28,"minecraft:sugar":10,"minecraft:diamond":16,"minecraft:crossbow":2,"minecraft:granite":53,"minecraft:golden_apple":1,"minecraft:emerald":2,"minecraft:golden_horse_armor":1,"minecraft:bread":11,"minecraft:oak_sapling":5,"minecraft:netherrack":92,"minecraft:fishing_rod":2,"minecraft:crafting_table":5,"minecraft:chicken":1,"minecraft:shield":2,"minecraft:cornflower":1,"minecraft:oak_trapdoor":1,"minecraft:wooden_sword":3,"minecraft:flint_and_steel":1,"minecraft:oak_boat":2,"minecraft:poppy":4,"minecraft:light_gray_wool":1,"minecraft:sugar_cane":2,"minecraft:chest":5,"minecraft:raw_iron":118,"minecraft:oak_door":1,"minecraft:copper_ingot":6,"minecraft:bowl":1,"minecraft:carrot":565,"minecraft:redstone":122,"minecraft:arrow":29,"minecraft:stone_shovel":1,"minecraft:cooked_cod":1,"minecraft:beetroot_seeds":7,"minecraft:nether_bricks":3,"minecraft:hay_block":5,"minecraft:saddle":1,"minecraft:mutton":18,"minecraft:white_wool":14,"minecraft:oxeye_daisy":1,"minecraft:crimson_stem":4,"minecraft:salmon":9,"minecraft:oak_log":96,"minecraft:lily_pad":15,"minecraft:nether_wart_block":4,"minecraft:yellow_bed":1,"minecraft:gunpowder":6,"minecraft:blue_bed":2,"minecraft:white_banner":1,"minecraft:cooked_mutton":5,"minecraft:iron_ingot":150,"minecraft:stone_pickaxe":5,"minecraft:iron_sword":1,"minecraft:oak_slab":2,"minecraft:milk_bucket":1,"minecraft:sweet_berries":359,"minecraft:quartz":120,"minecraft:dandelion":4,"minecraft:gravel":66,"minecraft:lava_bucket":5,"minecraft:white_bed":3,"minecraft:spider_eye":2,"minecraft:stone_axe":5,"minecraft:iron_helmet":1,"minecraft:gray_wool":8,"minecraft:baked_potato":19,"minecraft:coal":345,"minecraft:hopper":3},"minecraft:killed_by":{"minecraft:player":1,"minecraft:llama":1},"minecraft:custom":{"minecraft:interact_with_crafting_table":106,"minecraft:bell_ring":7,"minecraft:leave_game":20,"minecraft:time_since_death":254959,"minecraft:sprint_one_cm":2490790,"minecraft:damage_blocked_by_shield":5020,"minecraft:drop":107,"minecraft:talked_to_villager":5,"minecraft:play_time":913308,"minecraft:deaths":4,"minecraft:jump":8676,"minecraft:walk_on_water_one_cm":61405,"minecraft:enchant_item":8,"minecraft:interact_with_furnace":133,"minecraft:sleep_in_bed":19,"minecraft:damage_dealt":25410,"minecraft:player_kills":3,"minecraft:crouch_one_cm":29412,"minecraft:interact_with_smoker":7,"minecraft:use_cauldron":24,"minecraft:interact_with_anvil":3,"minecraft:mob_kills":181,"minecraft:inspect_hopper":15,"minecraft:fill_cauldron":2,"minecraft:climb_one_cm":2472,"minecraft:walk_one_cm":2135459,"minecraft:sneak_time":10207,"minecraft:walk_under_water_one_cm":25941,"minecraft:boat_one_cm":27090,"minecraft:total_world_time":913308,"minecraft:time_since_rest":120283,"minecraft:damage_taken":8767,"minecraft:swim_one_cm":44736,"minecraft:fly_one_cm":1370741,"minecraft:open_chest":272,"minecraft:fish_caught":17,"minecraft:fall_one_cm":192740},"minecraft:crafted":{"minecraft:oak_planks":324,"minecraft:cobblestone_slab":12,"minecraft:oak_pressure_plate":2,"minecraft:cooked_mutton":15,"minecraft:hopper":6,"minecraft:bow":1,"minecraft:iron_boots":2,"minecraft:chest":10,"minecraft:stone_hoe":3,"minecraft:oak_fence":30,"minecraft:smoker":1,"minecraft:oak_slab":60,"minecraft:crafting_table":5,"minecraft:baked_potato":68,"minecraft:iron_helmet":1,"minecraft:book":6,"minecraft:iron_chestplate":2,"minecraft:paper":18,"minecraft:charcoal":5,"minecraft:yellow_dye":1,"minecraft:shield":3,"minecraft:stick":276,"minecraft:iron_ingot":174,"minecraft:iron_pickaxe":6,"minecraft:stone_sword":1,"minecraft:gold_ingot":16,"minecraft:oak_door":3,"minecraft:stone_shovel":9,"minecraft:fishing_rod":1,"minecraft:furnace":5,"minecraft:yellow_bed":1,"minecraft:bone_meal":75,"minecraft:oak_trapdoor":2,"minecraft:flint_and_steel":1,"minecraft:iron_axe":1,"minecraft:stone_pickaxe":7,"minecraft:golden_helmet":2,"minecraft:wheat":45,"minecraft:cooked_cod":7,"minecraft:crimson_planks":16,"minecraft:diamond_sword":1,"minecraft:iron_sword":2,"minecraft:blue_bed":1,"minecraft:bucket":4,"minecraft:stone_axe":1,"minecraft:bread":15,"minecraft:air":0,"minecraft:blue_dye":1,"minecraft:oak_boat":1,"minecraft:golden_apple":1,"minecraft:iron_shovel":4,"minecraft:iron_leggings":3,"minecraft:white_bed":1,"minecraft:torch":732},"minecraft:dropped":{"minecraft:oak_log":6,"minecraft:dirt":61,"minecraft:wooden_sword":1,"minecraft:sugar":8,"minecraft:iron_pickaxe":1,"minecraft:white_wool":5,"minecraft:bone":28,"minecraft:gravel":6,"minecraft:stone_axe":1,"minecraft:wheat":2,"minecraft:rotten_flesh":87,"minecraft:nether_brick_fence":3,"minecraft:carrot":1,"minecraft:beetroot_seeds":1,"minecraft:netherrack":23,"minecraft:iron_ingot":3,"minecraft:bread":17,"minecraft:oak_slab":2,"minecraft:wheat_seeds":52,"minecraft:golden_helmet":1,"minecraft:mossy_cobblestone":27,"minecraft:poisonous_potato":9,"minecraft:cobblestone":1,"minecraft:granite":9,"minecraft:coal":71,"minecraft:gray_wool":2,"minecraft:milk_bucket":1,"minecraft:diorite":82,"minecraft:torch":63,"minecraft:nether_wart_block":4,"minecraft:iron_leggings":1,"minecraft:iron_shovel":3,"minecraft:string":2,"minecraft:oak_trapdoor":1,"minecraft:stone_sword":1,"minecraft:raw_copper":13,"minecraft:tuff":11,"minecraft:chicken":1,"minecraft:light_gray_wool":1,"minecraft:nether_bricks":3,"minecraft:potato":3,"minecraft:cobblestone_slab":11,"minecraft:iron_chestplate":2,"minecraft:andesite":23,"minecraft:spider_eye":1,"minecraft:stone_pickaxe":1},"minecraft:mined":{"minecraft:white_bed":4,"minecraft:farmland":2,"minecraft:granite":80,"minecraft:grass_block":947,"minecraft:composter":1,"minecraft:hopper":3,"minecraft:oxeye_daisy":1,"minecraft:cobbled_deepslate":3,"minecraft:iron_ore":50,"minecraft:fire":16,"minecraft:deepslate_lapis_ore":7,"minecraft:dirt_path":44,"minecraft:water_cauldron":4,"minecraft:deepslate_redstone_ore":20,"minecraft:blackstone":1,"minecraft:smoker":2,"minecraft:torch":9,"minecraft:poppy":2,"minecraft:chest":5,"minecraft:nether_quartz_ore":161,"minecraft:cobblestone":64,"minecraft:oak_planks":1,"minecraft:sugar_cane":3,"minecraft:wall_torch":10,"minecraft:seagrass":1,"minecraft:nether_wart_block":5,"minecraft:wheat":87,"minecraft:grass":43,"minecraft:oak_log":78,"minecraft:beetroots":3,"minecraft:dirt":795,"minecraft:netherrack":61,"minecraft:deepslate":126,"minecraft:oak_leaves":6,"minecraft:tuff":1,"minecraft:mossy_cobblestone":28,"minecraft:deepslate_diamond_ore":10,"minecraft:oak_door":1,"minecraft:nether_bricks":3,"minecraft:spruce_leaves":6,"minecraft:crimson_stem":5,"minecraft:hay_block":5,"minecraft:oak_trapdoor":1,"minecraft:furnace":4,"minecraft:carrots":162,"minecraft:andesite":35,"minecraft:nether_brick_fence":3,"minecraft:potatoes":810,"minecraft:deepslate_iron_ore":68,"minecraft:cobblestone_slab":2,"minecraft:stone":1614,"minecraft:oak_slab":1,"minecraft:basalt":15,"minecraft:dandelion":4,"minecraft:oak_fence":1,"minecraft:crafting_table":4,"minecraft:cornflower":1,"minecraft:tall_grass":5,"minecraft:copper_ore":5,"minecraft:deepslate_gold_ore":55,"minecraft:diorite":79,"minecraft:blue_bed":2,"minecraft:warped_wart_block":1,"minecraft:sweet_berry_bush":81,"minecraft:yellow_bed":1,"minecraft:coal_ore":276,"minecraft:gravel":44,"minecraft:cobweb":17,"minecraft:fern":2},"minecraft:broken":{"minecraft:iron_shovel":1,"minecraft:iron_boots":1,"minecraft:stone_pickaxe":7,"minecraft:stone_axe":1,"minecraft:fishing_rod":1,"minecraft:stone_shovel":8,"minecraft:stone_sword":1,"minecraft:stone_hoe":3,"minecraft:shield":1,"minecraft:iron_pickaxe":7,"minecraft:iron_helmet":1},"minecraft:used":{"minecraft:beetroot":2,"minecraft:iron_shovel":467,"minecraft:shield":126,"minecraft:chest":9,"minecraft:iron_sword":404,"minecraft:rotten_flesh":4,"minecraft:iron_chestplate":1,"minecraft:carrot":278,"minecraft:milk_bucket":1,"minecraft:lava_bucket":21,"minecraft:bow":9,"minecraft:sweet_berries":107,"minecraft:oak_sapling":5,"minecraft:furnace":7,"minecraft:cooked_cod":7,"minecraft:potato":976,"minecraft:stone_pickaxe":1114,"minecraft:oak_planks":9,"minecraft:composter":1,"minecraft:blue_bed":3,"minecraft:golden_apple":2,"minecraft:crossbow":10,"minecraft:bread":5,"minecraft:oak_pressure_plate":2,"minecraft:diamond_sword":35,"minecraft:oak_boat":2,"minecraft:bone_meal":78,"minecraft:oak_fence":39,"minecraft:oak_trapdoor":2,"minecraft:stone_sword":253,"minecraft:flint_and_steel":13,"minecraft:stone_shovel":1167,"minecraft:stone_hoe":651,"minecraft:netherrack":76,"minecraft:oak_door":2,"minecraft:torch":686,"minecraft:dirt":1085,"minecraft:hopper":9,"minecraft:iron_axe":5,"minecraft:cobbled_deepslate":220,"minecraft:wheat_seeds":135,"minecraft:cooked_mutton":15,"minecraft:water_bucket":41,"minecraft:baked_potato":180,"minecraft:cobblestone_slab":3,"minecraft:oak_slab":60,"minecraft:crafting_table":9,"minecraft:white_bed":2,"minecraft:cod":7,"minecraft:smoker":3,"minecraft:diamond_pickaxe":158,"minecraft:oxeye_daisy":1,"minecraft:iron_pickaxe":1627,"minecraft:stone_axe":155,"minecraft:fishing_rod":69,"minecraft:cobblestone":542,"minecraft:cooked_porkchop":1,"minecraft:bucket":88,"minecraft:yellow_bed":2,"minecraft:dandelion":1}},"DataVersion":3465}