{"stats":{"minecraft:crafted":{"minecraft:oak_door":3,"minecraft:oak_planks":232,"minecraft:fishing_rod":1,"minecraft:oak_pressure_plate":2,"minecraft:furnace":3,"minecraft:yellow_bed":1,"minecraft:bone_meal":24,"minecraft:cooked_mutton":15,"minecraft:hopper":5,"minecraft:iron_boots":1,"minecraft:stone_pickaxe":3,"minecraft:chest":10,"minecraft:stone_hoe":2,"minecraft:wheat":45,"minecraft:cooked_cod":7,"minecraft:crafting_table":1,"minecraft:baked_potato":12,"minecraft:iron_helmet":1,"minecraft:iron_sword":1,"minecraft:blue_bed":1,"minecraft:bucket":2,"minecraft:stone_axe":1,"minecraft:bread":15,"minecraft:blue_dye":1,"minecraft:iron_chestplate":1,"minecraft:yellow_dye":1,"minecraft:shield":1,"minecraft:stick":52,"minecraft:iron_ingot":67,"minecraft:iron_pickaxe":1,"minecraft:stone_sword":1,"minecraft:iron_leggings":2,"minecraft:white_bed":1,"minecraft:torch":116},"minecraft:custom":{"minecraft:mob_kills":27,"minecraft:inspect_hopper":1,"minecraft:interact_with_crafting_table":41,"minecraft:bell_ring":7,"minecraft:leave_game":9,"minecraft:time_since_death":118604,"minecraft:climb_one_cm":696,"minecraft:sprint_one_cm":559210,"minecraft:walk_one_cm":606396,"minecraft:damage_blocked_by_shield":1040,"minecraft:drop":28,"minecraft:talked_to_villager":5,"minecraft:play_time":268715,"minecraft:deaths":3,"minecraft:sneak_time":1831,"minecraft:walk_under_water_one_cm":20549,"minecraft:jump":1934,"minecraft:walk_on_water_one_cm":20234,"minecraft:total_world_time":268715,"minecraft:interact_with_furnace":88,"minecraft:sleep_in_bed":10,"minecraft:time_since_rest":2328,"minecraft:damage_taken":2434,"minecraft:damage_dealt":3993,"minecraft:swim_one_cm":23127,"minecraft:fly_one_cm":206916,"minecraft:player_kills":1,"minecraft:open_chest":72,"minecraft:crouch_one_cm":1794,"minecraft:fish_caught":17,"minecraft:fall_one_cm":35801},"minecraft:dropped":{"minecraft:bread":17,"minecraft:wheat_seeds":50,"minecraft:oak_log":6,"minecraft:coal":6,"minecraft:gray_wool":2,"minecraft:milk_bucket":1,"minecraft:wooden_sword":1,"minecraft:white_wool":5,"minecraft:rotten_flesh":2,"minecraft:light_gray_wool":1,"minecraft:andesite":1},"minecraft:killed_by":{"minecraft:player":1},"minecraft:broken":{"minecraft:stone_sword":1,"minecraft:stone_hoe":2,"minecraft:stone_pickaxe":3},"minecraft:mined":{"minecraft:white_bed":2,"minecraft:farmland":1,"minecraft:deepslate_diamond_ore":4,"minecraft:oak_door":1,"minecraft:granite":45,"minecraft:grass_block":40,"minecraft:composter":1,"minecraft:oxeye_daisy":1,"minecraft:hay_block":5,"minecraft:carrots":19,"minecraft:furnace":3,"minecraft:iron_ore":11,"minecraft:andesite":8,"minecraft:potatoes":175,"minecraft:water_cauldron":4,"minecraft:deepslate_iron_ore":6,"minecraft:stone":295,"minecraft:dandelion":2,"minecraft:cornflower":1,"minecraft:torch":1,"minecraft:cobblestone":7,"minecraft:copper_ore":1,"minecraft:tall_grass":2,"minecraft:deepslate_gold_ore":2,"minecraft:diorite":1,"minecraft:blue_bed":1,"minecraft:wheat":36,"minecraft:grass":23,"minecraft:oak_log":37,"minecraft:coal_ore":110,"minecraft:beetroots":1,"minecraft:gravel":34,"minecraft:dirt":9,"minecraft:oak_leaves":1,"minecraft:deepslate":36},"minecraft:used":{"minecraft:beetroot":1,"minecraft:stone_sword":148,"minecraft:chest":5,"minecraft:shield":27,"minecraft:stone_hoe":261,"minecraft:rotten_flesh":4,"minecraft:oak_door":2,"minecraft:torch":118,"minecraft:dirt":23,"minecraft:hopper":5,"minecraft:carrot":56,"minecraft:bow":2,"minecraft:oak_sapling":5,"minecraft:furnace":6,"minecraft:cooked_cod":7,"minecraft:potato":306,"minecraft:cobbled_deepslate":97,"minecraft:wheat_seeds":35,"minecraft:cooked_mutton":15,"minecraft:water_bucket":7,"minecraft:stone_pickaxe":486,"minecraft:baked_potato":8,"minecraft:oak_planks":8,"minecraft:composter":1,"minecraft:blue_bed":2,"minecraft:crafting_table":1,"minecraft:cod":7,"minecraft:oxeye_daisy":1,"minecraft:bread":5,"minecraft:iron_pickaxe":86,"minecraft:oak_pressure_plate":2,"minecraft:stone_axe":74,"minecraft:fishing_rod":36,"minecraft:cobblestone":234,"minecraft:cooked_porkchop":1,"minecraft:bucket":11,"minecraft:yellow_bed":1,"minecraft:dandelion":1,"minecraft:bone_meal":24},"minecraft:picked_up":{"minecraft:fishing_rod":1,"minecraft:iron_chestplate":1,"minecraft:wheat":13,"minecraft:shield":2,"minecraft:cornflower":1,"minecraft:raw_copper":3,"minecraft:wooden_sword":3,"minecraft:pufferfish":4,"minecraft:beetroot":1,"minecraft:cobbled_deepslate":40,"minecraft:bucket":3,"minecraft:poppy":2,"minecraft:iron_pickaxe":2,"minecraft:light_gray_wool":1,"minecraft:iron_boots":2,"minecraft:furnace":4,"minecraft:stick":4,"minecraft:raw_iron":19,"minecraft:oak_door":1,"minecraft:composter":1,"minecraft:copper_ingot":6,"minecraft:oak_fence":5,"minecraft:torch":25,"minecraft:bowl":1,"minecraft:porkchop":8,"minecraft:diorite":18,"minecraft:carrot":56,"minecraft:cauldron":4,"minecraft:stone_sword":2,"minecraft:arrow":5,"minecraft:rotten_flesh":14,"minecraft:cooked_cod":1,"minecraft:beetroot_seeds":2,"minecraft:hay_block":5,"minecraft:mutton":17,"minecraft:cod":11,"minecraft:cobblestone":363,"minecraft:white_wool":13,"minecraft:oxeye_daisy":1,"minecraft:andesite":13,"minecraft:salmon":9,"minecraft:potato":537,"minecraft:flint":13,"minecraft:oak_log":42,"minecraft:gunpowder":2,"minecraft:dirt":49,"minecraft:blue_bed":1,"minecraft:cooked_mutton":5,"minecraft:bone":10,"minecraft:bow":4,"minecraft:wheat_seeds":113,"minecraft:raw_gold":2,"minecraft:iron_ingot":33,"minecraft:stone_pickaxe":3,"minecraft:oak_planks":77,"minecraft:stone_hoe":1,"minecraft:cooked_porkchop":1,"minecraft:dandelion":2,"minecraft:poisonous_potato":1,"minecraft:gravel":60,"minecraft:lava_bucket":2,"minecraft:white_bed":1,"minecraft:diamond":4,"minecraft:stone_axe":2,"minecraft:iron_helmet":1,"minecraft:granite":44,"minecraft:gray_wool":8,"minecraft:bread":9,"minecraft:oak_sapling":5,"minecraft:coal":177},"minecraft:killed":{"minecraft:spider":1,"minecraft:skeleton":5,"minecraft:pig":1,"minecraft:sheep":11,"minecraft:zombie":8}},"DataVersion":3465}