{"stats":{"minecraft:picked_up":{"minecraft:stick":7,"minecraft:crafting_table":1,"minecraft:torch":4,"minecraft:potato":1,"minecraft:oak_log":63,"minecraft:spruce_log":6,"minecraft:rotten_flesh":4,"minecraft:apple":1,"minecraft:baked_potato":12,"minecraft:oak_sapling":1,"minecraft:coal":5,"minecraft:mutton":2,"minecraft:oak_planks":6,"minecraft:white_wool":1,"minecraft:cobblestone":9},"minecraft:mined":{"minecraft:spruce_log":6,"minecraft:crafting_table":1,"minecraft:torch":2,"minecraft:grass":6,"minecraft:coal_ore":5,"minecraft:potatoes":1,"minecraft:oak_log":65,"minecraft:tall_grass":1,"minecraft:spruce_leaves":4,"minecraft:stone":9,"minecraft:oak_planks":6,"minecraft:oak_leaves":36,"minecraft:wall_torch":1},"minecraft:broken":{"minecraft:wooden_axe":1},"minecraft:used":{"minecraft:oak_log":6,"minecraft:wooden_axe":60,"minecraft:wooden_pickaxe":16,"minecraft:stone_axe":20,"minecraft:torch":5,"minecraft:crafting_table":2,"minecraft:potato":1},"minecraft:killed_by":{"minecraft:player":2},"minecraft:crafted":{"minecraft:oak_planks":96,"minecraft:crafting_table":1,"minecraft:stick":8,"minecraft:wooden_pickaxe":1,"minecraft:wooden_axe":1,"minecraft:torch":4},"minecraft:killed":{"minecraft:sheep":1,"minecraft:zombie":1,"minecraft:zombie_villager":1},"minecraft:custom":{"minecraft:time_since_rest":12138,"minecraft:sprint_one_cm":10625,"minecraft:damage_taken":551,"minecraft:walk_one_cm":53176,"minecraft:mob_kills":3,"minecraft:damage_dealt":545,"minecraft:interact_with_crafting_table":3,"minecraft:fly_one_cm":31523,"minecraft:open_chest":5,"minecraft:crouch_one_cm":380,"minecraft:play_time":19032,"minecraft:deaths":2,"minecraft:sneak_time":1435,"minecraft:jump":226,"minecraft:leave_game":5,"minecraft:time_since_death":11947,"minecraft:total_world_time":19032,"minecraft:fall_one_cm":6181}},"DataVersion":3465}