{"stats":{"minecraft:picked_up":{"minecraft:raw_iron":3,"minecraft:stick":7,"minecraft:crafting_table":4,"minecraft:stone":3,"minecraft:torch":5,"minecraft:potato":1,"minecraft:oak_log":65,"minecraft:spruce_log":6,"minecraft:grass_block":1,"minecraft:dirt":5,"minecraft:rotten_flesh":4,"minecraft:apple":1,"minecraft:baked_potato":12,"minecraft:oak_sapling":2,"minecraft:coal":15,"minecraft:mutton":2,"minecraft:oak_planks":6,"minecraft:ender_pearl":1,"minecraft:white_wool":1,"minecraft:cobblestone":310,"minecraft:furnace":2},"minecraft:mined":{"minecraft:furnace":2,"minecraft:iron_ore":3,"minecraft:spruce_log":6,"minecraft:crafting_table":4,"minecraft:torch":2,"minecraft:grass":7,"minecraft:oak_log":65,"minecraft:potatoes":1,"minecraft:grass_block":1,"minecraft:coal_ore":10,"minecraft:dirt":4,"minecraft:tall_grass":1,"minecraft:cobblestone":6,"minecraft:spruce_leaves":4,"minecraft:stone":297,"minecraft:oak_planks":6,"minecraft:oak_leaves":36,"minecraft:wall_torch":1},"minecraft:broken":{"minecraft:wooden_axe":1,"minecraft:stone_pickaxe":2},"minecraft:used":{"minecraft:wooden_axe":60,"minecraft:oak_log":6,"minecraft:cooked_mutton":1,"minecraft:stone_sword":9,"minecraft:apple":1,"minecraft:grass_block":1,"minecraft:stone_pickaxe":298,"minecraft:wooden_pickaxe":23,"minecraft:stone":35,"minecraft:oak_door":2,"minecraft:stone_axe":20,"minecraft:torch":11,"minecraft:dirt":1,"minecraft:cobblestone":6,"minecraft:crafting_table":5,"minecraft:furnace":3,"minecraft:potato":1},"minecraft:killed_by":{"minecraft:player":2},"minecraft:crafted":{"minecraft:oak_door":3,"minecraft:oak_planks":96,"minecraft:crafting_table":1,"minecraft:stick":12,"minecraft:wooden_pickaxe":1,"minecraft:stone_pickaxe":3,"minecraft:wooden_axe":1,"minecraft:stone_sword":1,"minecraft:furnace":1,"minecraft:stone":32,"minecraft:torch":16,"minecraft:air":0,"minecraft:cooked_mutton":2},"minecraft:custom":{"minecraft:time_since_rest":33186,"minecraft:interact_with_furnace":26,"minecraft:sprint_one_cm":14147,"minecraft:damage_taken":731,"minecraft:walk_one_cm":147387,"minecraft:mob_kills":4,"minecraft:damage_dealt":945,"minecraft:interact_with_crafting_table":8,"minecraft:fly_one_cm":37649,"minecraft:open_chest":5,"minecraft:crouch_one_cm":544,"minecraft:play_time":40080,"minecraft:deaths":2,"minecraft:sneak_time":1593,"minecraft:jump":332,"minecraft:leave_game":9,"minecraft:time_since_death":32995,"minecraft:total_world_time":40080,"minecraft:fall_one_cm":6599},"minecraft:killed":{"minecraft:sheep":1,"minecraft:zombie":1,"minecraft:zombie_villager":1,"minecraft:enderman":1}},"DataVersion":3465}