{"stats":{"minecraft:picked_up":{"minecraft:raw_iron":3,"minecraft:stick":7,"minecraft:crafting_table":1,"minecraft:torch":4,"minecraft:potato":1,"minecraft:oak_log":65,"minecraft:grass_block":1,"minecraft:spruce_log":6,"minecraft:dirt":1,"minecraft:rotten_flesh":4,"minecraft:apple":1,"minecraft:baked_potato":12,"minecraft:oak_sapling":2,"minecraft:coal":10,"minecraft:mutton":2,"minecraft:oak_planks":6,"minecraft:white_wool":1,"minecraft:cobblestone":181,"minecraft:ender_pearl":1},"minecraft:mined":{"minecraft:iron_ore":3,"minecraft:spruce_log":6,"minecraft:crafting_table":1,"minecraft:torch":2,"minecraft:grass_block":1,"minecraft:grass":6,"minecraft:coal_ore":10,"minecraft:potatoes":1,"minecraft:oak_log":65,"minecraft:tall_grass":1,"minecraft:cobblestone":2,"minecraft:spruce_leaves":4,"minecraft:stone":182,"minecraft:oak_planks":6,"minecraft:oak_leaves":36,"minecraft:wall_torch":1},"minecraft:broken":{"minecraft:stone_pickaxe":1,"minecraft:wooden_axe":1},"minecraft:used":{"minecraft:oak_log":6,"minecraft:wooden_axe":60,"minecraft:apple":1,"minecraft:stone_sword":9,"minecraft:grass_block":1,"minecraft:stone_pickaxe":183,"minecraft:wooden_pickaxe":16,"minecraft:stone_axe":20,"minecraft:torch":5,"minecraft:dirt":1,"minecraft:cobblestone":6,"minecraft:crafting_table":2,"minecraft:furnace":1,"minecraft:potato":1},"minecraft:killed_by":{"minecraft:player":2},"minecraft:crafted":{"minecraft:oak_planks":96,"minecraft:crafting_table":1,"minecraft:stick":8,"minecraft:stone_pickaxe":2,"minecraft:wooden_pickaxe":1,"minecraft:wooden_axe":1,"minecraft:stone_sword":1,"minecraft:furnace":1,"minecraft:torch":4},"minecraft:killed":{"minecraft:sheep":1,"minecraft:zombie":1,"minecraft:zombie_villager":1,"minecraft:enderman":1},"minecraft:custom":{"minecraft:time_since_rest":20384,"minecraft:interact_with_furnace":1,"minecraft:sprint_one_cm":12454,"minecraft:damage_taken":731,"minecraft:walk_one_cm":85942,"minecraft:mob_kills":4,"minecraft:damage_dealt":945,"minecraft:interact_with_crafting_table":5,"minecraft:fly_one_cm":36344,"minecraft:open_chest":5,"minecraft:crouch_one_cm":531,"minecraft:play_time":27278,"minecraft:deaths":2,"minecraft:sneak_time":1554,"minecraft:jump":276,"minecraft:leave_game":6,"minecraft:time_since_death":20193,"minecraft:total_world_time":27278,"minecraft:fall_one_cm":6599}},"DataVersion":3465}