{"stats":{"minecraft:picked_up":{"minecraft:torch":2,"minecraft:potato":1,"minecraft:oak_log":5,"minecraft:baked_potato":12},"minecraft:custom":{"minecraft:time_since_rest":3262,"minecraft:open_chest":5,"minecraft:walk_one_cm":23894,"minecraft:crouch_one_cm":85,"minecraft:play_time":6000,"minecraft:sprint_one_cm":456,"minecraft:damage_taken":305,"minecraft:deaths":1,"minecraft:sneak_time":10,"minecraft:jump":38,"minecraft:time_since_death":3221,"minecraft:total_world_time":6000,"minecraft:interact_with_crafting_table":1,"minecraft:fall_one_cm":1068,"minecraft:fly_one_cm":1371},"minecraft:killed_by":{"minecraft:player":1},"minecraft:crafted":{"minecraft:oak_planks":20},"minecraft:mined":{"minecraft:potatoes":1,"minecraft:oak_log":5,"minecraft:oak_leaves":2,"minecraft:torch":2},"minecraft:used":{"minecraft:torch":1,"minecraft:potato":1}},"DataVersion":3465}