{"stats":{"minecraft:killed":{"minecraft:pig":6,"minecraft:zombie_villager":1,"minecraft:sheep":4,"minecraft:zombie":2,"minecraft:cow":6,"minecraft:enderman":1},"minecraft:custom":{"minecraft:interact_with_furnace":45,"minecraft:mob_kills":20,"minecraft:interact_with_crafting_table":17,"minecraft:interact_with_stonecutter":1,"minecraft:leave_game":11,"minecraft:time_since_death":21533,"minecraft:sleep_in_bed":2,"minecraft:time_since_rest":566,"minecraft:sprint_one_cm":64110,"minecraft:damage_taken":1016,"minecraft:walk_one_cm":311235,"minecraft:damage_dealt":2490,"minecraft:swim_one_cm":3366,"minecraft:fly_one_cm":128881,"minecraft:open_chest":18,"minecraft:crouch_one_cm":1051,"minecraft:play_time":83939,"minecraft:deaths":3,"minecraft:sneak_time":1807,"minecraft:walk_under_water_one_cm":1138,"minecraft:jump":883,"minecraft:walk_on_water_one_cm":1149,"minecraft:total_world_time":83939,"minecraft:fall_one_cm":19264},"minecraft:killed_by":{"minecraft:player":2,"minecraft:zombie":1},"minecraft:used":{"minecraft:cooked_mutton":2,"minecraft:diorite":1,"minecraft:stone_sword":46,"minecraft:stone_pickaxe":440,"minecraft:chest":9,"minecraft:wooden_pickaxe":23,"minecraft:stone":72,"minecraft:blue_bed":1,"minecraft:oak_door":2,"minecraft:torch":29,"minecraft:dirt":1,"minecraft:crafting_table":6,"minecraft:carrot":24,"minecraft:oak_log":6,"minecraft:wooden_axe":60,"minecraft:apple":1,"minecraft:grass_block":1,"minecraft:stone_axe":28,"minecraft:cobblestone":13,"minecraft:furnace":4,"minecraft:potato":1,"minecraft:pumpkin":2},"minecraft:broken":{"minecraft:stone_pickaxe":3,"minecraft:wooden_axe":1},"minecraft:mined":{"minecraft:crafting_table":5,"minecraft:cornflower":1,"minecraft:torch":6,"minecraft:grass_block":1,"minecraft:chest":5,"minecraft:tall_grass":1,"minecraft:cobblestone":6,"minecraft:spruce_leaves":4,"minecraft:oak_planks":6,"minecraft:diorite":1,"minecraft:wall_torch":7,"minecraft:furnace":3,"minecraft:carrots":16,"minecraft:iron_ore":3,"minecraft:spruce_log":6,"minecraft:pumpkin":3,"minecraft:grass":10,"minecraft:oak_log":65,"minecraft:potatoes":3,"minecraft:coal_ore":39,"minecraft:dirt":7,"minecraft:stone":405,"minecraft:oak_leaves":36},"minecraft:crafted":{"minecraft:oak_door":3,"minecraft:oak_planks":204,"minecraft:crafting_table":1,"minecraft:wooden_pickaxe":1,"minecraft:blue_bed":1,"minecraft:furnace":1,"minecraft:stone":59,"minecraft:stone_axe":1,"minecraft:cooked_mutton":2,"minecraft:air":0,"minecraft:blue_dye":1,"minecraft:charcoal":6,"minecraft:shield":1,"minecraft:stick":16,"minecraft:iron_ingot":3,"minecraft:stone_pickaxe":4,"minecraft:wooden_axe":1,"minecraft:stone_sword":1,"minecraft:chest":4,"minecraft:white_bed":1,"minecraft:torch":24},"minecraft:picked_up":{"minecraft:charcoal":1,"minecraft:crafting_table":5,"minecraft:leather":6,"minecraft:wooden_pickaxe":1,"minecraft:potato":7,"minecraft:oak_log":92,"minecraft:shield":1,"minecraft:gunpowder":1,"minecraft:cornflower":1,"minecraft:dirt":8,"minecraft:flint_and_steel":1,"minecraft:cooked_mutton":2,"minecraft:bone":2,"minecraft:apple":1,"minecraft:beef":16,"minecraft:stone_pickaxe":1,"minecraft:iron_ingot":6,"minecraft:chest":5,"minecraft:oak_planks":6,"minecraft:furnace":3,"minecraft:stick":7,"minecraft:raw_iron":3,"minecraft:stone":15,"minecraft:pumpkin":2,"minecraft:cooked_porkchop":3,"minecraft:oak_door":1,"minecraft:torch":15,"minecraft:porkchop":10,"minecraft:carrot":53,"minecraft:diorite":1,"minecraft:spruce_log":6,"minecraft:grass_block":1,"minecraft:stone_sword":1,"minecraft:rotten_flesh":13,"minecraft:stone_axe":1,"minecraft:baked_potato":12,"minecraft:oak_sapling":4,"minecraft:mutton":7,"minecraft:coal":70,"minecraft:white_wool":5,"minecraft:cobblestone":526,"minecraft:ender_pearl":1}},"DataVersion":3465}