{"stats":{"minecraft:mined":{"minecraft:dark_oak_planks":1,"minecraft:tuff":363,"minecraft:spruce_planks":1,"minecraft:white_bed":2,"minecraft:deepslate_diamond_ore":67,"minecraft:oak_door":12,"minecraft:cobblestone_stairs":8,"minecraft:granite":51,"minecraft:grass_block":744,"minecraft:spruce_leaves":1,"minecraft:large_fern":1,"minecraft:hay_block":2,"minecraft:raw_iron_block":1,"minecraft:carrots":1,"minecraft:iron_ore":144,"minecraft:cobbled_deepslate":18,"minecraft:andesite":61,"minecraft:deepslate_lapis_ore":15,"minecraft:potatoes":24,"minecraft:deepslate_iron_ore":190,"minecraft:dirt_path":3,"minecraft:rail":52,"minecraft:stripped_oak_log":2,"minecraft:stone":999,"minecraft:bone_block":28,"minecraft:spruce_slab":4,"minecraft:deepslate_redstone_ore":92,"minecraft:red_bed":1,"minecraft:oak_fence":14,"minecraft:crafting_table":12,"minecraft:torch":8,"minecraft:emerald_ore":2,"minecraft:calcite":1,"minecraft:poppy":1,"minecraft:chest":6,"minecraft:tall_grass":21,"minecraft:cobblestone":38,"minecraft:lapis_ore":4,"minecraft:deepslate_gold_ore":87,"minecraft:sugar_cane":8,"minecraft:oak_planks":16,"minecraft:diorite":64,"minecraft:wall_torch":2,"minecraft:amethyst_block":1,"minecraft:spruce_stairs":1,"minecraft:birch_log":87,"minecraft:wheat":218,"minecraft:birch_leaves":6,"minecraft:grass":132,"minecraft:coal_ore":307,"minecraft:oak_log":488,"minecraft:gravel":153,"minecraft:sand":1,"minecraft:dirt":114,"minecraft:smooth_basalt":8,"minecraft:gold_ore":27,"minecraft:oak_leaves":112,"minecraft:deepslate":2769,"minecraft:infested_stone":1,"minecraft:infested_deepslate":2},"minecraft:custom":{"minecraft:mob_kills":242,"minecraft:animals_bred":111,"minecraft:inspect_hopper":4,"minecraft:interact_with_crafting_table":131,"minecraft:leave_game":17,"minecraft:time_since_death":345201,"minecraft:climb_one_cm":1596,"minecraft:sprint_one_cm":1224517,"minecraft:walk_one_cm":2558495,"minecraft:damage_blocked_by_shield":4832,"minecraft:drop":146,"minecraft:play_time":932171,"minecraft:deaths":10,"minecraft:sneak_time":25081,"minecraft:walk_under_water_one_cm":104378,"minecraft:boat_one_cm":49545,"minecraft:jump":12096,"minecraft:walk_on_water_one_cm":107774,"minecraft:total_world_time":932171,"minecraft:interact_with_furnace":241,"minecraft:sleep_in_bed":26,"minecraft:time_since_rest":4815,"minecraft:damage_taken":9806,"minecraft:damage_dealt":37297,"minecraft:swim_one_cm":164428,"minecraft:fly_one_cm":1919386,"minecraft:open_chest":386,"minecraft:crouch_one_cm":46775,"minecraft:interact_with_smoker":3,"minecraft:fall_one_cm":312563},"minecraft:crafted":{"minecraft:oak_door":6,"minecraft:oak_planks":692,"minecraft:birch_boat":1,"minecraft:furnace":8,"minecraft:cobblestone_stairs":52,"minecraft:bone_meal":84,"minecraft:bow":1,"minecraft:diamond_helmet":2,"minecraft:diamond_leggings":2,"minecraft:iron_boots":1,"minecraft:iron_axe":5,"minecraft:stone_pickaxe":5,"minecraft:chest":6,"minecraft:diamond_boots":1,"minecraft:oak_fence":114,"minecraft:lead":2,"minecraft:wheat":18,"minecraft:red_dye":1,"minecraft:cooked_cod":1,"minecraft:diamond_sword":2,"minecraft:diamond_axe":1,"minecraft:crafting_table":15,"minecraft:wooden_pickaxe":3,"minecraft:baked_potato":188,"minecraft:iron_helmet":1,"minecraft:iron_sword":2,"minecraft:red_bed":1,"minecraft:golden_pickaxe":2,"minecraft:cooked_salmon":6,"minecraft:bucket":3,"minecraft:birch_planks":12,"minecraft:stone_axe":1,"minecraft:bread":21,"minecraft:air":0,"minecraft:oak_fence_gate":5,"minecraft:white_wool":5,"minecraft:iron_chestplate":1,"minecraft:diamond_pickaxe":2,"minecraft:shield":2,"minecraft:stick":240,"minecraft:iron_ingot":389,"minecraft:iron_pickaxe":21,"minecraft:wooden_axe":1,"minecraft:iron_block":22,"minecraft:gold_ingot":115,"minecraft:iron_shovel":5,"minecraft:iron_leggings":1,"minecraft:white_bed":1,"minecraft:torch":188,"minecraft:diamond_chestplate":2},"minecraft:killed":{"minecraft:witch":1,"minecraft:spider":12,"minecraft:slime":16,"minecraft:phantom":2,"minecraft:skeleton":32,"minecraft:chicken":13,"minecraft:drowned":1,"minecraft:silverfish":6,"minecraft:turtle":3,"minecraft:pig":7,"minecraft:creeper":5,"minecraft:pillager":2,"minecraft:zombie":96,"minecraft:glow_squid":1,"minecraft:cow":34,"minecraft:enderman":3},"minecraft:killed_by":{"minecraft:player":1,"minecraft:enderman":2,"minecraft:skeleton":1,"minecraft:zombie":1},"minecraft:picked_up":{"minecraft:wooden_axe":1,"minecraft:seagrass":3,"minecraft:crafting_table":15,"minecraft:iron_chestplate":3,"minecraft:wheat":281,"minecraft:chicken":13,"minecraft:lead":7,"minecraft:wooden_pickaxe":5,"minecraft:brewing_stand":3,"minecraft:shield":3,"minecraft:string":23,"minecraft:red_bed":1,"minecraft:iron_leggings":5,"minecraft:iron_shovel":3,"minecraft:cobbled_deepslate":2195,"minecraft:bucket":1,"minecraft:spruce_planks":1,"minecraft:beef":63,"minecraft:calcite":1,"minecraft:spruce_slab":4,"minecraft:poppy":1,"minecraft:iron_pickaxe":4,"minecraft:light_gray_wool":2,"minecraft:sugar_cane":15,"minecraft:chest":6,"minecraft:birch_sapling":10,"minecraft:iron_boots":3,"minecraft:egg":11,"minecraft:stick":89,"minecraft:raw_iron":370,"minecraft:sandstone":6,"minecraft:oak_door":16,"minecraft:oak_fence":18,"minecraft:torch":55,"minecraft:spruce_stairs":1,"minecraft:porkchop":10,"minecraft:diorite":84,"minecraft:carrot":4,"minecraft:redstone":93,"minecraft:dark_oak_planks":1,"minecraft:rotten_flesh":130,"minecraft:arrow":64,"minecraft:diamond_boots":2,"minecraft:hay_block":2,"minecraft:mutton":2,"minecraft:bone_block":28,"minecraft:cod":6,"minecraft:rail":50,"minecraft:white_wool":5,"minecraft:cobblestone":1444,"minecraft:stripped_oak_log":2,"minecraft:birch_log":87,"minecraft:feather":7,"minecraft:salmon":3,"minecraft:andesite":105,"minecraft:leather":38,"minecraft:potato":159,"minecraft:flint":24,"minecraft:tuff":326,"minecraft:oak_log":532,"minecraft:lily_pad":12,"minecraft:gunpowder":9,"minecraft:cobblestone_stairs":29,"minecraft:lapis_lazuli":53,"minecraft:dirt":905,"minecraft:bone":65,"minecraft:apple":11,"minecraft:stonecutter":3,"minecraft:bow":2,"minecraft:wheat_seeds":751,"minecraft:raw_gold":108,"minecraft:stone_pickaxe":2,"minecraft:iron_ingot":23,"minecraft:oak_planks":177,"minecraft:iron_sword":3,"minecraft:smooth_basalt":8,"minecraft:milk_bucket":1,"minecraft:birch_boat":2,"minecraft:raw_iron_block":1,"minecraft:gravel":168,"minecraft:sand":41,"minecraft:white_bed":3,"minecraft:grass_block":5,"minecraft:spider_eye":8,"minecraft:slime_ball":16,"minecraft:diamond":110,"minecraft:stone_axe":3,"minecraft:crossbow":1,"minecraft:granite":73,"minecraft:bone_meal":15,"minecraft:bread":25,"minecraft:emerald":7,"minecraft:baked_potato":83,"minecraft:oak_sapling":83,"minecraft:coal":351,"minecraft:ender_pearl":2},"minecraft:used":{"minecraft:oak_fence":125,"minecraft:iron_shovel":929,"minecraft:chest":12,"minecraft:shield":150,"minecraft:iron_sword":341,"minecraft:cooked_salmon":6,"minecraft:rotten_flesh":48,"minecraft:oak_door":14,"minecraft:torch":161,"minecraft:dirt":371,"minecraft:carrot":1,"minecraft:tuff":22,"minecraft:granite":22,"minecraft:oak_fence_gate":4,"minecraft:milk_bucket":2,"minecraft:wooden_axe":5,"minecraft:iron_axe":702,"minecraft:birch_sapling":10,"minecraft:light_gray_wool":1,"minecraft:bow":15,"minecraft:oak_sapling":60,"minecraft:furnace":8,"minecraft:cooked_cod":1,"minecraft:potato":25,"minecraft:cobbled_deepslate":277,"minecraft:iron_leggings":2,"minecraft:wheat_seeds":212,"minecraft:water_bucket":2,"minecraft:diorite":8,"minecraft:cobblestone_stairs":33,"minecraft:stone_pickaxe":541,"minecraft:baked_potato":109,"minecraft:oak_planks":41,"minecraft:ender_pearl":1,"minecraft:birch_boat":2,"minecraft:wooden_pickaxe":19,"minecraft:diamond_axe":98,"minecraft:sand":26,"minecraft:crafting_table":23,"minecraft:red_bed":2,"minecraft:white_bed":2,"minecraft:diamond_pickaxe":471,"minecraft:apple":1,"minecraft:bread":41,"minecraft:iron_pickaxe":4449,"minecraft:gravel":8,"minecraft:stone_axe":50,"minecraft:diamond_sword":201,"minecraft:wooden_sword":4,"minecraft:cobblestone":500,"minecraft:bucket":2,"minecraft:andesite":17,"minecraft:bone_meal":66,"minecraft:golden_pickaxe":8},"minecraft:broken":{"minecraft:iron_shovel":3,"minecraft:stone_pickaxe":2,"minecraft:iron_axe":2,"minecraft:iron_sword":1,"minecraft:iron_pickaxe":16,"minecraft:iron_helmet":1},"minecraft:dropped":{"minecraft:iron_ingot":64,"minecraft:birch_planks":3,"minecraft:wheat_seeds":56,"minecraft:baked_potato":16,"minecraft:diamond":6,"minecraft:crafting_table":2,"minecraft:oak_fence":3,"minecraft:cobblestone":159,"minecraft:lead":2,"minecraft:granite":25,"minecraft:grass_block":4,"minecraft:stick":31,"minecraft:emerald":1,"minecraft:dirt":10,"minecraft:milk_bucket":1,"minecraft:seagrass":3,"minecraft:iron_leggings":2,"minecraft:wooden_sword":1,"minecraft:bone_meal":33,"minecraft:iron_pickaxe":2,"minecraft:iron_shovel":2,"minecraft:string":3,"minecraft:bucket":2,"minecraft:redstone":9,"minecraft:gravel":1,"minecraft:cobbled_deepslate":1335,"minecraft:tuff":211,"minecraft:rotten_flesh":16,"minecraft:oak_planks":10,"minecraft:potato":83,"minecraft:gunpowder":2,"minecraft:iron_chestplate":2,"minecraft:andesite":41,"minecraft:oak_sapling":9,"minecraft:spider_eye":5,"minecraft:sandstone":3,"minecraft:diamond_boots":1,"minecraft:wooden_pickaxe":1,"minecraft:egg":3}},"DataVersion":3465}