{"stats":{"minecraft:dropped":{"minecraft:iron_ingot":64,"minecraft:wheat_seeds":56,"minecraft:baked_potato":16,"minecraft:diamond":6,"minecraft:crafting_table":1,"minecraft:oak_fence":3,"minecraft:cobblestone":91,"minecraft:lead":2,"minecraft:grass_block":4,"minecraft:stick":2,"minecraft:emerald":1,"minecraft:dirt":10,"minecraft:milk_bucket":1,"minecraft:iron_leggings":2,"minecraft:wooden_sword":1,"minecraft:bone_meal":33,"minecraft:iron_pickaxe":2,"minecraft:iron_shovel":2,"minecraft:bucket":2,"minecraft:gravel":1,"minecraft:cobbled_deepslate":875,"minecraft:tuff":142,"minecraft:rotten_flesh":12,"minecraft:oak_planks":10,"minecraft:potato":83,"minecraft:gunpowder":2,"minecraft:iron_chestplate":2,"minecraft:oak_sapling":9,"minecraft:spider_eye":3,"minecraft:diamond_boots":1,"minecraft:wooden_pickaxe":1,"minecraft:egg":3},"minecraft:picked_up":{"minecraft:iron_chestplate":3,"minecraft:crafting_table":9,"minecraft:wheat":281,"minecraft:chicken":13,"minecraft:lead":7,"minecraft:wooden_pickaxe":5,"minecraft:brewing_stand":3,"minecraft:shield":3,"minecraft:string":16,"minecraft:red_bed":1,"minecraft:iron_leggings":5,"minecraft:iron_shovel":3,"minecraft:cobbled_deepslate":1786,"minecraft:bucket":1,"minecraft:spruce_planks":1,"minecraft:beef":51,"minecraft:calcite":1,"minecraft:iron_pickaxe":3,"minecraft:poppy":1,"minecraft:light_gray_wool":2,"minecraft:spruce_slab":4,"minecraft:sugar_cane":10,"minecraft:chest":6,"minecraft:birch_sapling":7,"minecraft:iron_boots":3,"minecraft:egg":11,"minecraft:stick":55,"minecraft:raw_iron":202,"minecraft:oak_door":16,"minecraft:oak_fence":17,"minecraft:torch":46,"minecraft:spruce_stairs":1,"minecraft:porkchop":10,"minecraft:diorite":73,"minecraft:carrot":4,"minecraft:redstone":20,"minecraft:dark_oak_planks":1,"minecraft:arrow":56,"minecraft:rotten_flesh":101,"minecraft:diamond_boots":2,"minecraft:hay_block":2,"minecraft:mutton":2,"minecraft:cod":6,"minecraft:white_wool":5,"minecraft:cobblestone":1200,"minecraft:stripped_oak_log":2,"minecraft:birch_log":17,"minecraft:feather":7,"minecraft:andesite":89,"minecraft:salmon":3,"minecraft:leather":31,"minecraft:potato":159,"minecraft:flint":8,"minecraft:tuff":280,"minecraft:oak_log":290,"minecraft:gunpowder":9,"minecraft:cobblestone_stairs":29,"minecraft:dirt":860,"minecraft:lapis_lazuli":53,"minecraft:bone":29,"minecraft:apple":10,"minecraft:bow":1,"minecraft:stonecutter":3,"minecraft:wheat_seeds":751,"minecraft:raw_gold":50,"minecraft:iron_ingot":23,"minecraft:stone_pickaxe":2,"minecraft:iron_sword":3,"minecraft:oak_planks":175,"minecraft:smooth_basalt":1,"minecraft:milk_bucket":1,"minecraft:gravel":50,"minecraft:white_bed":3,"minecraft:grass_block":5,"minecraft:spider_eye":4,"minecraft:slime_ball":16,"minecraft:diamond":77,"minecraft:stone_axe":3,"minecraft:granite":67,"minecraft:crossbow":1,"minecraft:bone_meal":15,"minecraft:emerald":7,"minecraft:bread":25,"minecraft:baked_potato":80,"minecraft:oak_sapling":63,"minecraft:coal":267,"minecraft:ender_pearl":2,"minecraft:wooden_axe":1},"minecraft:custom":{"minecraft:mob_kills":194,"minecraft:animals_bred":83,"minecraft:inspect_hopper":4,"minecraft:interact_with_crafting_table":107,"minecraft:leave_game":13,"minecraft:time_since_death":65107,"minecraft:climb_one_cm":975,"minecraft:sprint_one_cm":1013668,"minecraft:walk_one_cm":1888964,"minecraft:damage_blocked_by_shield":4057,"minecraft:drop":118,"minecraft:play_time":652077,"minecraft:deaths":10,"minecraft:sneak_time":14833,"minecraft:walk_under_water_one_cm":94477,"minecraft:jump":9496,"minecraft:walk_on_water_one_cm":88971,"minecraft:total_world_time":652077,"minecraft:interact_with_furnace":194,"minecraft:sleep_in_bed":23,"minecraft:time_since_rest":65261,"minecraft:damage_taken":8286,"minecraft:damage_dealt":28200,"minecraft:swim_one_cm":154774,"minecraft:fly_one_cm":1617185,"minecraft:open_chest":293,"minecraft:crouch_one_cm":26804,"minecraft:fall_one_cm":250946},"minecraft:broken":{"minecraft:iron_shovel":3,"minecraft:stone_pickaxe":2,"minecraft:iron_axe":1,"minecraft:iron_sword":1,"minecraft:iron_pickaxe":12,"minecraft:iron_helmet":1},"minecraft:killed_by":{"minecraft:player":1,"minecraft:enderman":2,"minecraft:skeleton":1,"minecraft:zombie":1},"minecraft:killed":{"minecraft:witch":1,"minecraft:spider":6,"minecraft:slime":16,"minecraft:phantom":2,"minecraft:skeleton":23,"minecraft:chicken":13,"minecraft:drowned":1,"minecraft:silverfish":6,"minecraft:pig":7,"minecraft:creeper":5,"minecraft:pillager":2,"minecraft:zombie":71,"minecraft:glow_squid":1,"minecraft:cow":29,"minecraft:enderman":3},"minecraft:crafted":{"minecraft:oak_door":6,"minecraft:oak_planks":632,"minecraft:furnace":7,"minecraft:cobblestone_stairs":52,"minecraft:bone_meal":84,"minecraft:bow":1,"minecraft:diamond_helmet":1,"minecraft:diamond_leggings":1,"minecraft:iron_boots":1,"minecraft:iron_axe":2,"minecraft:stone_pickaxe":5,"minecraft:chest":6,"minecraft:oak_fence":114,"minecraft:lead":2,"minecraft:wheat":18,"minecraft:red_dye":1,"minecraft:cooked_cod":1,"minecraft:diamond_sword":1,"minecraft:crafting_table":13,"minecraft:wooden_pickaxe":3,"minecraft:baked_potato":52,"minecraft:iron_helmet":1,"minecraft:iron_sword":2,"minecraft:red_bed":1,"minecraft:golden_pickaxe":2,"minecraft:cooked_salmon":6,"minecraft:bucket":3,"minecraft:stone_axe":1,"minecraft:bread":21,"minecraft:air":0,"minecraft:oak_fence_gate":5,"minecraft:iron_chestplate":1,"minecraft:diamond_pickaxe":1,"minecraft:shield":2,"minecraft:stick":212,"minecraft:iron_ingot":272,"minecraft:iron_pickaxe":16,"minecraft:wooden_axe":1,"minecraft:gold_ingot":89,"minecraft:iron_shovel":5,"minecraft:iron_leggings":1,"minecraft:white_bed":1,"minecraft:torch":140,"minecraft:diamond_chestplate":1},"minecraft:mined":{"minecraft:infested_deepslate":2,"minecraft:dark_oak_planks":1,"minecraft:tuff":282,"minecraft:spruce_planks":1,"minecraft:white_bed":2,"minecraft:deepslate_diamond_ore":33,"minecraft:oak_door":12,"minecraft:cobblestone_stairs":8,"minecraft:granite":43,"minecraft:grass_block":730,"minecraft:spruce_leaves":1,"minecraft:large_fern":1,"minecraft:hay_block":2,"minecraft:carrots":1,"minecraft:iron_ore":79,"minecraft:cobbled_deepslate":7,"minecraft:andesite":45,"minecraft:deepslate_lapis_ore":10,"minecraft:potatoes":24,"minecraft:dirt_path":2,"minecraft:deepslate_iron_ore":84,"minecraft:stripped_oak_log":2,"minecraft:stone":773,"minecraft:spruce_slab":4,"minecraft:deepslate_redstone_ore":14,"minecraft:red_bed":1,"minecraft:oak_fence":13,"minecraft:crafting_table":7,"minecraft:torch":2,"minecraft:emerald_ore":2,"minecraft:calcite":1,"minecraft:poppy":1,"minecraft:chest":6,"minecraft:cobblestone":26,"minecraft:tall_grass":21,"minecraft:deepslate_gold_ore":47,"minecraft:sugar_cane":5,"minecraft:oak_planks":13,"minecraft:diorite":50,"minecraft:wall_torch":1,"minecraft:amethyst_block":1,"minecraft:spruce_stairs":1,"minecraft:birch_log":17,"minecraft:wheat":218,"minecraft:grass":124,"minecraft:oak_log":246,"minecraft:coal_ore":229,"minecraft:gravel":34,"minecraft:dirt":100,"minecraft:smooth_basalt":1,"minecraft:gold_ore":3,"minecraft:oak_leaves":41,"minecraft:infested_stone":1,"minecraft:deepslate":2010},"minecraft:used":{"minecraft:oak_fence":125,"minecraft:iron_shovel":812,"minecraft:chest":12,"minecraft:shield":127,"minecraft:iron_sword":289,"minecraft:cooked_salmon":6,"minecraft:rotten_flesh":46,"minecraft:oak_door":14,"minecraft:torch":123,"minecraft:dirt":371,"minecraft:carrot":1,"minecraft:tuff":19,"minecraft:granite":22,"minecraft:oak_fence_gate":4,"minecraft:milk_bucket":2,"minecraft:wooden_axe":5,"minecraft:iron_axe":399,"minecraft:birch_sapling":7,"minecraft:light_gray_wool":1,"minecraft:bow":15,"minecraft:furnace":7,"minecraft:oak_sapling":40,"minecraft:cooked_cod":1,"minecraft:potato":25,"minecraft:cobbled_deepslate":62,"minecraft:iron_leggings":2,"minecraft:wheat_seeds":212,"minecraft:water_bucket":2,"minecraft:diorite":8,"minecraft:cobblestone_stairs":33,"minecraft:stone_pickaxe":541,"minecraft:baked_potato":75,"minecraft:oak_planks":18,"minecraft:ender_pearl":1,"minecraft:wooden_pickaxe":19,"minecraft:crafting_table":17,"minecraft:red_bed":2,"minecraft:white_bed":2,"minecraft:diamond_pickaxe":5,"minecraft:apple":1,"minecraft:bread":38,"minecraft:iron_pickaxe":3245,"minecraft:gravel":3,"minecraft:stone_axe":50,"minecraft:diamond_sword":97,"minecraft:wooden_sword":4,"minecraft:cobblestone":332,"minecraft:bucket":2,"minecraft:andesite":17,"minecraft:bone_meal":66,"minecraft:golden_pickaxe":8}},"DataVersion":3465}