{"stats":{"minecraft:dropped":{"minecraft:iron_ingot":64,"minecraft:wheat_seeds":56,"minecraft:baked_potato":16,"minecraft:diamond":6,"minecraft:crafting_table":1,"minecraft:oak_fence":3,"minecraft:cobblestone":159,"minecraft:lead":2,"minecraft:grass_block":4,"minecraft:stick":2,"minecraft:emerald":1,"minecraft:dirt":10,"minecraft:milk_bucket":1,"minecraft:iron_leggings":2,"minecraft:wooden_sword":1,"minecraft:bone_meal":33,"minecraft:iron_pickaxe":2,"minecraft:iron_shovel":2,"minecraft:bucket":2,"minecraft:gravel":1,"minecraft:cobbled_deepslate":1323,"minecraft:tuff":206,"minecraft:rotten_flesh":16,"minecraft:oak_planks":10,"minecraft:potato":83,"minecraft:gunpowder":2,"minecraft:iron_chestplate":2,"minecraft:andesite":41,"minecraft:oak_sapling":9,"minecraft:spider_eye":3,"minecraft:diamond_boots":1,"minecraft:wooden_pickaxe":1,"minecraft:egg":3},"minecraft:broken":{"minecraft:iron_shovel":3,"minecraft:stone_pickaxe":2,"minecraft:iron_axe":1,"minecraft:iron_sword":1,"minecraft:iron_pickaxe":14,"minecraft:iron_helmet":1},"minecraft:picked_up":{"minecraft:iron_chestplate":3,"minecraft:crafting_table":10,"minecraft:wheat":281,"minecraft:chicken":13,"minecraft:lead":7,"minecraft:wooden_pickaxe":5,"minecraft:brewing_stand":3,"minecraft:shield":3,"minecraft:string":18,"minecraft:red_bed":1,"minecraft:iron_leggings":5,"minecraft:iron_shovel":3,"minecraft:cobbled_deepslate":2008,"minecraft:bucket":1,"minecraft:spruce_planks":1,"minecraft:beef":54,"minecraft:calcite":1,"minecraft:iron_pickaxe":4,"minecraft:poppy":1,"minecraft:light_gray_wool":2,"minecraft:spruce_slab":4,"minecraft:sugar_cane":10,"minecraft:chest":6,"minecraft:birch_sapling":7,"minecraft:iron_boots":3,"minecraft:egg":11,"minecraft:stick":55,"minecraft:raw_iron":218,"minecraft:oak_door":16,"minecraft:oak_fence":18,"minecraft:torch":53,"minecraft:spruce_stairs":1,"minecraft:porkchop":10,"minecraft:diorite":84,"minecraft:carrot":4,"minecraft:redstone":20,"minecraft:dark_oak_planks":1,"minecraft:arrow":59,"minecraft:rotten_flesh":111,"minecraft:diamond_boots":2,"minecraft:hay_block":2,"minecraft:mutton":2,"minecraft:cod":6,"minecraft:white_wool":5,"minecraft:cobblestone":1401,"minecraft:stripped_oak_log":2,"minecraft:birch_log":17,"minecraft:feather":7,"minecraft:andesite":103,"minecraft:salmon":3,"minecraft:leather":33,"minecraft:potato":159,"minecraft:flint":19,"minecraft:tuff":287,"minecraft:oak_log":290,"minecraft:gunpowder":9,"minecraft:cobblestone_stairs":29,"minecraft:dirt":896,"minecraft:lapis_lazuli":53,"minecraft:bone":32,"minecraft:apple":10,"minecraft:bow":1,"minecraft:stonecutter":3,"minecraft:wheat_seeds":751,"minecraft:raw_gold":61,"minecraft:iron_ingot":23,"minecraft:stone_pickaxe":2,"minecraft:iron_sword":3,"minecraft:oak_planks":177,"minecraft:smooth_basalt":8,"minecraft:milk_bucket":1,"minecraft:gravel":152,"minecraft:white_bed":3,"minecraft:grass_block":5,"minecraft:spider_eye":6,"minecraft:slime_ball":16,"minecraft:diamond":87,"minecraft:stone_axe":3,"minecraft:granite":73,"minecraft:crossbow":1,"minecraft:bone_meal":15,"minecraft:emerald":7,"minecraft:bread":25,"minecraft:baked_potato":80,"minecraft:oak_sapling":63,"minecraft:coal":305,"minecraft:ender_pearl":2,"minecraft:wooden_axe":1},"minecraft:mined":{"minecraft:infested_deepslate":2,"minecraft:dark_oak_planks":1,"minecraft:tuff":289,"minecraft:spruce_planks":1,"minecraft:white_bed":2,"minecraft:deepslate_diamond_ore":43,"minecraft:oak_door":12,"minecraft:cobblestone_stairs":8,"minecraft:granite":49,"minecraft:grass_block":735,"minecraft:spruce_leaves":1,"minecraft:large_fern":1,"minecraft:hay_block":2,"minecraft:carrots":1,"minecraft:iron_ore":89,"minecraft:cobbled_deepslate":7,"minecraft:andesite":59,"minecraft:deepslate_lapis_ore":10,"minecraft:potatoes":24,"minecraft:dirt_path":3,"minecraft:deepslate_iron_ore":90,"minecraft:stripped_oak_log":2,"minecraft:stone":961,"minecraft:spruce_slab":4,"minecraft:deepslate_redstone_ore":14,"minecraft:red_bed":1,"minecraft:oak_fence":14,"minecraft:crafting_table":8,"minecraft:torch":7,"minecraft:emerald_ore":2,"minecraft:calcite":1,"minecraft:poppy":1,"minecraft:chest":6,"minecraft:cobblestone":38,"minecraft:tall_grass":21,"minecraft:deepslate_gold_ore":61,"minecraft:sugar_cane":5,"minecraft:oak_planks":15,"minecraft:diorite":64,"minecraft:wall_torch":2,"minecraft:amethyst_block":1,"minecraft:spruce_stairs":1,"minecraft:birch_log":17,"minecraft:wheat":218,"minecraft:grass":129,"minecraft:oak_log":246,"minecraft:coal_ore":259,"minecraft:gravel":143,"minecraft:dirt":114,"minecraft:smooth_basalt":8,"minecraft:gold_ore":3,"minecraft:oak_leaves":41,"minecraft:infested_stone":1,"minecraft:deepslate":2232},"minecraft:killed_by":{"minecraft:player":1,"minecraft:enderman":2,"minecraft:skeleton":1,"minecraft:zombie":1},"minecraft:used":{"minecraft:oak_fence":125,"minecraft:iron_shovel":918,"minecraft:chest":12,"minecraft:shield":133,"minecraft:iron_sword":341,"minecraft:cooked_salmon":6,"minecraft:rotten_flesh":46,"minecraft:oak_door":14,"minecraft:torch":138,"minecraft:dirt":371,"minecraft:carrot":1,"minecraft:tuff":19,"minecraft:granite":22,"minecraft:oak_fence_gate":4,"minecraft:milk_bucket":2,"minecraft:wooden_axe":5,"minecraft:iron_axe":399,"minecraft:birch_sapling":7,"minecraft:light_gray_wool":1,"minecraft:bow":15,"minecraft:furnace":7,"minecraft:oak_sapling":40,"minecraft:cooked_cod":1,"minecraft:potato":25,"minecraft:cobbled_deepslate":104,"minecraft:iron_leggings":2,"minecraft:wheat_seeds":212,"minecraft:water_bucket":2,"minecraft:diorite":8,"minecraft:cobblestone_stairs":33,"minecraft:stone_pickaxe":541,"minecraft:baked_potato":94,"minecraft:oak_planks":41,"minecraft:ender_pearl":1,"minecraft:wooden_pickaxe":19,"minecraft:diamond_axe":2,"minecraft:crafting_table":18,"minecraft:red_bed":2,"minecraft:white_bed":2,"minecraft:diamond_pickaxe":28,"minecraft:apple":1,"minecraft:bread":38,"minecraft:iron_pickaxe":3779,"minecraft:gravel":3,"minecraft:stone_axe":50,"minecraft:diamond_sword":97,"minecraft:wooden_sword":4,"minecraft:cobblestone":500,"minecraft:bucket":2,"minecraft:andesite":17,"minecraft:bone_meal":66,"minecraft:golden_pickaxe":8},"minecraft:custom":{"minecraft:mob_kills":208,"minecraft:animals_bred":111,"minecraft:inspect_hopper":4,"minecraft:interact_with_crafting_table":120,"minecraft:leave_game":15,"minecraft:time_since_death":176552,"minecraft:climb_one_cm":1187,"minecraft:sprint_one_cm":1103336,"minecraft:walk_one_cm":2228693,"minecraft:damage_blocked_by_shield":4332,"minecraft:drop":131,"minecraft:play_time":763522,"minecraft:deaths":10,"minecraft:sneak_time":16702,"minecraft:walk_under_water_one_cm":97990,"minecraft:jump":10841,"minecraft:walk_on_water_one_cm":92703,"minecraft:total_world_time":763522,"minecraft:interact_with_furnace":211,"minecraft:sleep_in_bed":24,"minecraft:time_since_rest":24536,"minecraft:damage_taken":9047,"minecraft:damage_dealt":30701,"minecraft:swim_one_cm":155495,"minecraft:fly_one_cm":1801816,"minecraft:open_chest":353,"minecraft:crouch_one_cm":30006,"minecraft:interact_with_smoker":3,"minecraft:fall_one_cm":288045},"minecraft:killed":{"minecraft:witch":1,"minecraft:spider":7,"minecraft:slime":16,"minecraft:phantom":2,"minecraft:skeleton":26,"minecraft:chicken":13,"minecraft:drowned":1,"minecraft:silverfish":6,"minecraft:pig":7,"minecraft:creeper":5,"minecraft:pillager":2,"minecraft:zombie":80,"minecraft:glow_squid":1,"minecraft:cow":30,"minecraft:enderman":3},"minecraft:crafted":{"minecraft:oak_door":6,"minecraft:oak_planks":692,"minecraft:furnace":7,"minecraft:cobblestone_stairs":52,"minecraft:bone_meal":84,"minecraft:bow":1,"minecraft:diamond_helmet":2,"minecraft:diamond_leggings":2,"minecraft:iron_boots":1,"minecraft:iron_axe":5,"minecraft:stone_pickaxe":5,"minecraft:chest":6,"minecraft:diamond_boots":1,"minecraft:oak_fence":114,"minecraft:lead":2,"minecraft:wheat":18,"minecraft:red_dye":1,"minecraft:cooked_cod":1,"minecraft:diamond_sword":2,"minecraft:diamond_axe":1,"minecraft:crafting_table":14,"minecraft:wooden_pickaxe":3,"minecraft:baked_potato":52,"minecraft:iron_helmet":1,"minecraft:iron_sword":2,"minecraft:red_bed":1,"minecraft:golden_pickaxe":2,"minecraft:cooked_salmon":6,"minecraft:bucket":3,"minecraft:stone_axe":1,"minecraft:bread":21,"minecraft:air":0,"minecraft:oak_fence_gate":5,"minecraft:iron_chestplate":1,"minecraft:diamond_pickaxe":2,"minecraft:shield":2,"minecraft:stick":240,"minecraft:iron_ingot":310,"minecraft:iron_pickaxe":18,"minecraft:wooden_axe":1,"minecraft:gold_ingot":111,"minecraft:iron_shovel":5,"minecraft:iron_leggings":1,"minecraft:white_bed":1,"minecraft:torch":188,"minecraft:diamond_chestplate":2}},"DataVersion":3465}