{"stats":{"minecraft:dropped":{"minecraft:diamond":1,"minecraft:cobblestone":1,"minecraft:lead":2,"minecraft:emerald":1,"minecraft:wooden_sword":1,"minecraft:bone_meal":33,"minecraft:iron_pickaxe":2,"minecraft:iron_shovel":1,"minecraft:bucket":2,"minecraft:gravel":1,"minecraft:oak_planks":10,"minecraft:potato":26,"minecraft:wooden_pickaxe":1},"minecraft:picked_up":{"minecraft:wooden_axe":1,"minecraft:crafting_table":4,"minecraft:wheat":69,"minecraft:lead":6,"minecraft:wooden_pickaxe":5,"minecraft:brewing_stand":3,"minecraft:shield":2,"minecraft:string":12,"minecraft:red_bed":1,"minecraft:iron_leggings":2,"minecraft:iron_shovel":1,"minecraft:cobbled_deepslate":35,"minecraft:bucket":1,"minecraft:spruce_planks":1,"minecraft:calcite":1,"minecraft:light_gray_wool":2,"minecraft:poppy":1,"minecraft:iron_pickaxe":2,"minecraft:spruce_slab":4,"minecraft:chest":1,"minecraft:birch_sapling":7,"minecraft:iron_boots":2,"minecraft:egg":5,"minecraft:stick":54,"minecraft:raw_iron":147,"minecraft:oak_door":15,"minecraft:oak_fence":14,"minecraft:spruce_stairs":1,"minecraft:diorite":45,"minecraft:carrot":4,"minecraft:redstone":20,"minecraft:dark_oak_planks":1,"minecraft:rotten_flesh":77,"minecraft:arrow":40,"minecraft:diamond_boots":1,"minecraft:hay_block":2,"minecraft:mutton":2,"minecraft:cobblestone":646,"minecraft:cod":6,"minecraft:white_wool":5,"minecraft:stripped_oak_log":2,"minecraft:birch_log":17,"minecraft:salmon":3,"minecraft:andesite":18,"minecraft:potato":102,"minecraft:flint":7,"minecraft:tuff":4,"minecraft:oak_log":241,"minecraft:gunpowder":4,"minecraft:dirt":642,"minecraft:lapis_lazuli":53,"minecraft:bone":22,"minecraft:apple":10,"minecraft:stonecutter":3,"minecraft:wheat_seeds":238,"minecraft:raw_gold":24,"minecraft:iron_ingot":3,"minecraft:stone_pickaxe":2,"minecraft:iron_sword":2,"minecraft:oak_planks":165,"minecraft:smooth_basalt":1,"minecraft:milk_bucket":1,"minecraft:gravel":43,"minecraft:white_bed":3,"minecraft:spider_eye":1,"minecraft:slime_ball":16,"minecraft:diamond":7,"minecraft:stone_axe":3,"minecraft:granite":29,"minecraft:bone_meal":15,"minecraft:emerald":7,"minecraft:bread":25,"minecraft:oak_sapling":54,"minecraft:coal":181,"minecraft:ender_pearl":2},"minecraft:custom":{"minecraft:mob_kills":102,"minecraft:animals_bred":20,"minecraft:inspect_hopper":1,"minecraft:interact_with_crafting_table":84,"minecraft:leave_game":8,"minecraft:time_since_death":228736,"minecraft:climb_one_cm":40,"minecraft:sprint_one_cm":566201,"minecraft:walk_one_cm":1081645,"minecraft:damage_blocked_by_shield":3422,"minecraft:drop":42,"minecraft:play_time":325512,"minecraft:deaths":8,"minecraft:sneak_time":11358,"minecraft:walk_under_water_one_cm":77044,"minecraft:jump":4904,"minecraft:walk_on_water_one_cm":74565,"minecraft:total_world_time":325512,"minecraft:interact_with_furnace":150,"minecraft:sleep_in_bed":19,"minecraft:time_since_rest":8982,"minecraft:damage_taken":5213,"minecraft:damage_dealt":16954,"minecraft:swim_one_cm":123094,"minecraft:fly_one_cm":933465,"minecraft:open_chest":171,"minecraft:crouch_one_cm":20683,"minecraft:fall_one_cm":146321},"minecraft:broken":{"minecraft:iron_shovel":2,"minecraft:stone_pickaxe":1,"minecraft:iron_axe":1,"minecraft:iron_sword":1,"minecraft:iron_pickaxe":1},"minecraft:killed_by":{"minecraft:player":1,"minecraft:enderman":2,"minecraft:skeleton":1,"minecraft:zombie":1},"minecraft:killed":{"minecraft:witch":1,"minecraft:spider":4,"minecraft:slime":16,"minecraft:skeleton":13,"minecraft:drowned":1,"minecraft:creeper":1,"minecraft:pillager":1,"minecraft:zombie":53,"minecraft:glow_squid":1,"minecraft:enderman":3},"minecraft:crafted":{"minecraft:oak_door":6,"minecraft:oak_planks":560,"minecraft:furnace":6,"minecraft:cobblestone_stairs":12,"minecraft:bone_meal":42,"minecraft:iron_boots":1,"minecraft:iron_axe":2,"minecraft:stone_pickaxe":5,"minecraft:chest":4,"minecraft:oak_fence":114,"minecraft:lead":2,"minecraft:wheat":18,"minecraft:red_dye":1,"minecraft:cooked_cod":1,"minecraft:diamond_sword":1,"minecraft:crafting_table":8,"minecraft:wooden_pickaxe":3,"minecraft:baked_potato":52,"minecraft:iron_helmet":1,"minecraft:iron_sword":1,"minecraft:red_bed":1,"minecraft:golden_pickaxe":1,"minecraft:cooked_salmon":6,"minecraft:stone_axe":1,"minecraft:bread":21,"minecraft:air":0,"minecraft:oak_fence_gate":5,"minecraft:iron_chestplate":1,"minecraft:diamond_pickaxe":1,"minecraft:shield":1,"minecraft:stick":144,"minecraft:iron_ingot":132,"minecraft:iron_pickaxe":4,"minecraft:wooden_axe":1,"minecraft:iron_shovel":4,"minecraft:iron_leggings":1,"minecraft:gold_ingot":56,"minecraft:white_bed":1},"minecraft:mined":{"minecraft:dark_oak_planks":1,"minecraft:tuff":1,"minecraft:spruce_planks":1,"minecraft:white_bed":2,"minecraft:deepslate_diamond_ore":1,"minecraft:oak_door":11,"minecraft:granite":17,"minecraft:grass_block":567,"minecraft:hay_block":2,"minecraft:carrots":1,"minecraft:iron_ore":60,"minecraft:andesite":13,"minecraft:deepslate_lapis_ore":7,"minecraft:potatoes":24,"minecraft:deepslate_iron_ore":57,"minecraft:dirt_path":1,"minecraft:stripped_oak_log":2,"minecraft:stone":511,"minecraft:spruce_slab":4,"minecraft:deepslate_redstone_ore":4,"minecraft:red_bed":1,"minecraft:oak_fence":12,"minecraft:crafting_table":4,"minecraft:emerald_ore":1,"minecraft:calcite":1,"minecraft:poppy":1,"minecraft:chest":1,"minecraft:cobblestone":18,"minecraft:tall_grass":16,"minecraft:deepslate_gold_ore":23,"minecraft:oak_planks":13,"minecraft:diorite":36,"minecraft:amethyst_block":1,"minecraft:spruce_stairs":1,"minecraft:birch_log":17,"minecraft:wheat":53,"minecraft:grass":97,"minecraft:coal_ore":153,"minecraft:oak_log":241,"minecraft:gravel":24,"minecraft:dirt":51,"minecraft:smooth_basalt":1,"minecraft:gold_ore":1,"minecraft:oak_leaves":34,"minecraft:deepslate":20},"minecraft:used":{"minecraft:oak_fence":125,"minecraft:iron_shovel":626,"minecraft:chest":5,"minecraft:shield":106,"minecraft:iron_sword":253,"minecraft:cooked_salmon":6,"minecraft:rotten_flesh":46,"minecraft:oak_door":13,"minecraft:dirt":123,"minecraft:carrot":1,"minecraft:tuff":4,"minecraft:granite":16,"minecraft:oak_fence_gate":4,"minecraft:milk_bucket":1,"minecraft:wooden_axe":5,"minecraft:iron_axe":325,"minecraft:birch_sapling":7,"minecraft:light_gray_wool":1,"minecraft:furnace":6,"minecraft:oak_sapling":40,"minecraft:cooked_cod":1,"minecraft:potato":25,"minecraft:cobbled_deepslate":2,"minecraft:iron_leggings":2,"minecraft:wheat_seeds":55,"minecraft:diorite":8,"minecraft:cobblestone_stairs":8,"minecraft:stone_pickaxe":442,"minecraft:baked_potato":14,"minecraft:oak_planks":18,"minecraft:ender_pearl":1,"minecraft:wooden_pickaxe":19,"minecraft:crafting_table":10,"minecraft:red_bed":2,"minecraft:white_bed":2,"minecraft:diamond_pickaxe":5,"minecraft:apple":1,"minecraft:bread":36,"minecraft:iron_pickaxe":503,"minecraft:gravel":3,"minecraft:stone_axe":50,"minecraft:wooden_sword":4,"minecraft:cobblestone":259,"minecraft:bone_meal":24,"minecraft:golden_pickaxe":3}},"DataVersion":3465}