{"stats":{"minecraft:dropped":{"minecraft:wheat_seeds":28,"minecraft:baked_potato":16,"minecraft:diamond":3,"minecraft:crafting_table":1,"minecraft:oak_fence":3,"minecraft:cobblestone":63,"minecraft:lead":2,"minecraft:emerald":1,"minecraft:iron_leggings":1,"minecraft:wooden_sword":1,"minecraft:bone_meal":33,"minecraft:iron_pickaxe":2,"minecraft:iron_shovel":2,"minecraft:bucket":2,"minecraft:gravel":1,"minecraft:cobbled_deepslate":95,"minecraft:oak_planks":10,"minecraft:potato":26,"minecraft:iron_chestplate":1,"minecraft:oak_sapling":4,"minecraft:spider_eye":2,"minecraft:diamond_boots":1,"minecraft:wooden_pickaxe":1,"minecraft:egg":3},"minecraft:picked_up":{"minecraft:wooden_axe":1,"minecraft:iron_chestplate":1,"minecraft:crafting_table":5,"minecraft:wheat":120,"minecraft:lead":7,"minecraft:wooden_pickaxe":5,"minecraft:brewing_stand":3,"minecraft:shield":2,"minecraft:string":14,"minecraft:red_bed":1,"minecraft:iron_leggings":3,"minecraft:iron_shovel":3,"minecraft:cobbled_deepslate":346,"minecraft:bucket":1,"minecraft:spruce_planks":1,"minecraft:calcite":1,"minecraft:light_gray_wool":2,"minecraft:poppy":1,"minecraft:iron_pickaxe":2,"minecraft:spruce_slab":4,"minecraft:chest":6,"minecraft:birch_sapling":7,"minecraft:iron_boots":2,"minecraft:egg":11,"minecraft:stick":54,"minecraft:raw_iron":155,"minecraft:oak_door":16,"minecraft:oak_fence":17,"minecraft:torch":4,"minecraft:spruce_stairs":1,"minecraft:diorite":45,"minecraft:carrot":4,"minecraft:redstone":20,"minecraft:dark_oak_planks":1,"minecraft:rotten_flesh":88,"minecraft:arrow":43,"minecraft:diamond_boots":2,"minecraft:hay_block":2,"minecraft:mutton":2,"minecraft:cod":6,"minecraft:cobblestone":882,"minecraft:white_wool":5,"minecraft:stripped_oak_log":2,"minecraft:birch_log":17,"minecraft:andesite":18,"minecraft:salmon":3,"minecraft:potato":102,"minecraft:flint":8,"minecraft:tuff":68,"minecraft:oak_log":241,"minecraft:gunpowder":6,"minecraft:cobblestone_stairs":29,"minecraft:dirt":808,"minecraft:lapis_lazuli":53,"minecraft:bone":24,"minecraft:apple":10,"minecraft:stonecutter":3,"minecraft:wheat_seeds":420,"minecraft:raw_gold":32,"minecraft:iron_ingot":3,"minecraft:stone_pickaxe":2,"minecraft:iron_sword":2,"minecraft:oak_planks":165,"minecraft:smooth_basalt":1,"minecraft:milk_bucket":1,"minecraft:gravel":43,"minecraft:white_bed":3,"minecraft:spider_eye":4,"minecraft:slime_ball":16,"minecraft:diamond":32,"minecraft:stone_axe":3,"minecraft:granite":29,"minecraft:crossbow":1,"minecraft:bone_meal":15,"minecraft:emerald":7,"minecraft:bread":25,"minecraft:baked_potato":3,"minecraft:oak_sapling":59,"minecraft:coal":213,"minecraft:ender_pearl":2},"minecraft:custom":{"minecraft:mob_kills":118,"minecraft:animals_bred":50,"minecraft:inspect_hopper":1,"minecraft:interact_with_crafting_table":92,"minecraft:leave_game":9,"minecraft:time_since_death":326301,"minecraft:climb_one_cm":40,"minecraft:sprint_one_cm":731540,"minecraft:walk_one_cm":1355183,"minecraft:damage_blocked_by_shield":3662,"minecraft:drop":79,"minecraft:play_time":423077,"minecraft:deaths":8,"minecraft:sneak_time":11892,"minecraft:walk_under_water_one_cm":90328,"minecraft:jump":6180,"minecraft:walk_on_water_one_cm":80059,"minecraft:total_world_time":423077,"minecraft:interact_with_furnace":160,"minecraft:sleep_in_bed":23,"minecraft:time_since_rest":43667,"minecraft:damage_taken":5831,"minecraft:damage_dealt":19339,"minecraft:swim_one_cm":128115,"minecraft:fly_one_cm":1124330,"minecraft:open_chest":221,"minecraft:crouch_one_cm":21222,"minecraft:fall_one_cm":168274},"minecraft:broken":{"minecraft:iron_shovel":3,"minecraft:stone_pickaxe":1,"minecraft:iron_axe":1,"minecraft:iron_sword":1,"minecraft:iron_pickaxe":2,"minecraft:iron_helmet":1},"minecraft:killed_by":{"minecraft:player":1,"minecraft:enderman":2,"minecraft:skeleton":1,"minecraft:zombie":1},"minecraft:killed":{"minecraft:witch":1,"minecraft:spider":5,"minecraft:slime":16,"minecraft:skeleton":17,"minecraft:drowned":1,"minecraft:creeper":4,"minecraft:pillager":2,"minecraft:zombie":60,"minecraft:glow_squid":1,"minecraft:enderman":3},"minecraft:crafted":{"minecraft:oak_door":6,"minecraft:oak_planks":560,"minecraft:furnace":7,"minecraft:cobblestone_stairs":52,"minecraft:bone_meal":72,"minecraft:bow":1,"minecraft:iron_boots":1,"minecraft:iron_axe":2,"minecraft:stone_pickaxe":5,"minecraft:chest":6,"minecraft:oak_fence":114,"minecraft:lead":2,"minecraft:wheat":18,"minecraft:red_dye":1,"minecraft:cooked_cod":1,"minecraft:diamond_sword":1,"minecraft:crafting_table":9,"minecraft:wooden_pickaxe":3,"minecraft:baked_potato":52,"minecraft:iron_helmet":1,"minecraft:iron_sword":1,"minecraft:red_bed":1,"minecraft:golden_pickaxe":1,"minecraft:cooked_salmon":6,"minecraft:stone_axe":1,"minecraft:bread":21,"minecraft:air":0,"minecraft:oak_fence_gate":5,"minecraft:iron_chestplate":1,"minecraft:diamond_pickaxe":1,"minecraft:shield":1,"minecraft:stick":168,"minecraft:iron_ingot":132,"minecraft:iron_pickaxe":6,"minecraft:wooden_axe":1,"minecraft:iron_shovel":4,"minecraft:iron_leggings":1,"minecraft:gold_ingot":81,"minecraft:white_bed":1,"minecraft:torch":72},"minecraft:mined":{"minecraft:dark_oak_planks":1,"minecraft:tuff":60,"minecraft:spruce_planks":1,"minecraft:white_bed":2,"minecraft:deepslate_diamond_ore":16,"minecraft:oak_door":12,"minecraft:cobblestone_stairs":8,"minecraft:granite":17,"minecraft:grass_block":710,"minecraft:hay_block":2,"minecraft:carrots":1,"minecraft:iron_ore":62,"minecraft:andesite":13,"minecraft:deepslate_lapis_ore":7,"minecraft:potatoes":24,"minecraft:deepslate_iron_ore":63,"minecraft:dirt_path":2,"minecraft:stripped_oak_log":2,"minecraft:stone":617,"minecraft:spruce_slab":4,"minecraft:deepslate_redstone_ore":4,"minecraft:red_bed":1,"minecraft:oak_fence":13,"minecraft:crafting_table":4,"minecraft:emerald_ore":1,"minecraft:calcite":1,"minecraft:poppy":1,"minecraft:chest":6,"minecraft:cobblestone":26,"minecraft:tall_grass":18,"minecraft:deepslate_gold_ore":31,"minecraft:oak_planks":13,"minecraft:diorite":36,"minecraft:wall_torch":1,"minecraft:amethyst_block":1,"minecraft:spruce_stairs":1,"minecraft:birch_log":17,"minecraft:wheat":109,"minecraft:grass":106,"minecraft:coal_ore":185,"minecraft:oak_log":241,"minecraft:gravel":24,"minecraft:dirt":79,"minecraft:smooth_basalt":1,"minecraft:gold_ore":1,"minecraft:oak_leaves":35,"minecraft:deepslate":252},"minecraft:used":{"minecraft:oak_fence":125,"minecraft:iron_shovel":797,"minecraft:chest":12,"minecraft:shield":114,"minecraft:iron_sword":253,"minecraft:cooked_salmon":6,"minecraft:rotten_flesh":46,"minecraft:oak_door":14,"minecraft:torch":28,"minecraft:dirt":343,"minecraft:carrot":1,"minecraft:tuff":4,"minecraft:granite":16,"minecraft:oak_fence_gate":4,"minecraft:milk_bucket":1,"minecraft:wooden_axe":5,"minecraft:iron_axe":356,"minecraft:birch_sapling":7,"minecraft:light_gray_wool":1,"minecraft:bow":14,"minecraft:furnace":7,"minecraft:oak_sapling":40,"minecraft:cooked_cod":1,"minecraft:potato":25,"minecraft:cobbled_deepslate":9,"minecraft:iron_leggings":2,"minecraft:wheat_seeds":110,"minecraft:diorite":8,"minecraft:cobblestone_stairs":33,"minecraft:stone_pickaxe":442,"minecraft:baked_potato":31,"minecraft:oak_planks":18,"minecraft:ender_pearl":1,"minecraft:wooden_pickaxe":19,"minecraft:crafting_table":11,"minecraft:red_bed":2,"minecraft:white_bed":2,"minecraft:diamond_pickaxe":5,"minecraft:apple":1,"minecraft:bread":36,"minecraft:iron_pickaxe":983,"minecraft:gravel":3,"minecraft:stone_axe":50,"minecraft:diamond_sword":8,"minecraft:wooden_sword":4,"minecraft:cobblestone":279,"minecraft:bone_meal":54,"minecraft:golden_pickaxe":3}},"DataVersion":3465}