{"stats":{"minecraft:killed":{"minecraft:witch":1,"minecraft:spider":13,"minecraft:skeleton":32,"minecraft:chicken":13,"minecraft:silverfish":6,"minecraft:turtle":3,"minecraft:pig":7,"minecraft:creeper":6,"minecraft:pillager":2,"minecraft:zombie":96,"minecraft:glow_squid":1,"minecraft:cow":34,"minecraft:slime":16,"minecraft:phantom":2,"minecraft:drowned":1,"minecraft:enderman":5},"minecraft:picked_up":{"minecraft:wooden_axe":1,"minecraft:seagrass":3,"minecraft:iron_chestplate":3,"minecraft:wheat":374,"minecraft:lead":7,"minecraft:brewing_stand":3,"minecraft:string":25,"minecraft:raw_copper":5,"minecraft:iron_leggings":5,"minecraft:shroomlight":1,"minecraft:cobbled_deepslate":2195,"minecraft:bucket":1,"minecraft:spruce_planks":1,"minecraft:calcite":1,"minecraft:iron_pickaxe":4,"minecraft:iron_boots":3,"minecraft:stick":89,"minecraft:oak_fence":18,"minecraft:torch":55,"minecraft:spruce_stairs":1,"minecraft:porkchop":10,"minecraft:diorite":153,"minecraft:stone_sword":1,"minecraft:rotten_flesh":131,"minecraft:cod":6,"minecraft:cobblestone":1483,"minecraft:birch_log":87,"minecraft:feather":7,"minecraft:andesite":142,"minecraft:potato":159,"minecraft:flint":24,"minecraft:tuff":327,"minecraft:dirt":951,"minecraft:lapis_lazuli":53,"minecraft:bone":65,"minecraft:stonecutter":3,"minecraft:bow":2,"minecraft:wheat_seeds":987,"minecraft:raw_gold":108,"minecraft:oak_planks":177,"minecraft:poisonous_potato":5,"minecraft:sand":41,"minecraft:grass_block":6,"minecraft:diamond":110,"minecraft:crossbow":1,"minecraft:granite":73,"minecraft:bone_meal":15,"minecraft:bread":25,"minecraft:emerald":7,"minecraft:oak_sapling":83,"minecraft:netherrack":53,"minecraft:crafting_table":15,"minecraft:chicken":13,"minecraft:wooden_pickaxe":5,"minecraft:shield":3,"minecraft:red_bed":1,"minecraft:oak_trapdoor":1,"minecraft:iron_shovel":4,"minecraft:blackstone":1,"minecraft:beef":63,"minecraft:spruce_slab":4,"minecraft:poppy":1,"minecraft:light_gray_wool":2,"minecraft:sugar_cane":15,"minecraft:chest":6,"minecraft:birch_sapling":10,"minecraft:egg":11,"minecraft:raw_iron":370,"minecraft:sandstone":6,"minecraft:oak_door":16,"minecraft:carrot":4,"minecraft:redstone":93,"minecraft:dark_oak_planks":1,"minecraft:arrow":64,"minecraft:nether_bricks":3,"minecraft:diamond_boots":2,"minecraft:hay_block":2,"minecraft:mutton":2,"minecraft:bone_block":28,"minecraft:white_wool":5,"minecraft:rail":50,"minecraft:stripped_oak_log":2,"minecraft:basalt":28,"minecraft:salmon":3,"minecraft:leather":38,"minecraft:oak_log":532,"minecraft:lily_pad":12,"minecraft:gunpowder":9,"minecraft:cobblestone_stairs":29,"minecraft:apple":11,"minecraft:warped_stem":3,"minecraft:iron_ingot":23,"minecraft:stone_pickaxe":2,"minecraft:iron_sword":3,"minecraft:smooth_basalt":8,"minecraft:milk_bucket":1,"minecraft:birch_boat":2,"minecraft:quartz":8,"minecraft:raw_iron_block":1,"minecraft:gravel":168,"minecraft:white_bed":3,"minecraft:spider_eye":9,"minecraft:slime_ball":16,"minecraft:stone_axe":3,"minecraft:baked_potato":83,"minecraft:coal":351,"minecraft:ender_pearl":4},"minecraft:killed_by":{"minecraft:zombie":1,"minecraft:player":1,"minecraft:enderman":2,"minecraft:skeleton":1},"minecraft:custom":{"minecraft:animals_bred":150,"minecraft:interact_with_crafting_table":142,"minecraft:leave_game":19,"minecraft:time_since_death":391684,"minecraft:sprint_one_cm":1257630,"minecraft:damage_blocked_by_shield":4922,"minecraft:drop":163,"minecraft:play_time":978654,"minecraft:deaths":10,"minecraft:jump":12490,"minecraft:walk_on_water_one_cm":108085,"minecraft:interact_with_furnace":278,"minecraft:sleep_in_bed":27,"minecraft:damage_dealt":38457,"minecraft:crouch_one_cm":50181,"minecraft:interact_with_smoker":3,"minecraft:mob_kills":246,"minecraft:inspect_hopper":4,"minecraft:climb_one_cm":1596,"minecraft:walk_one_cm":2764159,"minecraft:sneak_time":26591,"minecraft:walk_under_water_one_cm":104378,"minecraft:boat_one_cm":49545,"minecraft:total_world_time":978654,"minecraft:time_since_rest":37370,"minecraft:damage_taken":10020,"minecraft:swim_one_cm":164428,"minecraft:fly_one_cm":1968161,"minecraft:open_chest":442,"minecraft:fall_one_cm":318315},"minecraft:crafted":{"minecraft:oak_planks":692,"minecraft:birch_boat":1,"minecraft:cobblestone_stairs":52,"minecraft:diamond_leggings":2,"minecraft:diamond_helmet":2,"minecraft:bow":1,"minecraft:iron_boots":1,"minecraft:chest":6,"minecraft:oak_fence":114,"minecraft:diamond_axe":1,"minecraft:crafting_table":15,"minecraft:wooden_pickaxe":3,"minecraft:baked_potato":188,"minecraft:iron_helmet":2,"minecraft:golden_pickaxe":2,"minecraft:gold_block":22,"minecraft:birch_planks":12,"minecraft:iron_chestplate":1,"minecraft:diamond_pickaxe":2,"minecraft:shield":2,"minecraft:stick":240,"minecraft:iron_ingot":420,"minecraft:iron_pickaxe":21,"minecraft:iron_block":25,"minecraft:gold_ingot":207,"minecraft:oak_door":6,"minecraft:raw_iron":9,"minecraft:furnace":8,"minecraft:bone_meal":84,"minecraft:iron_axe":5,"minecraft:stone_pickaxe":5,"minecraft:diamond_boots":1,"minecraft:redstone_block":13,"minecraft:lead":2,"minecraft:wheat":18,"minecraft:red_dye":1,"minecraft:cooked_cod":1,"minecraft:diamond_sword":2,"minecraft:iron_sword":2,"minecraft:red_bed":1,"minecraft:cooked_salmon":6,"minecraft:bucket":3,"minecraft:stone_axe":1,"minecraft:bread":21,"minecraft:air":0,"minecraft:oak_fence_gate":5,"minecraft:white_wool":5,"minecraft:wooden_axe":1,"minecraft:iron_shovel":5,"minecraft:iron_leggings":1,"minecraft:white_bed":1,"minecraft:torch":188,"minecraft:diamond_chestplate":2},"minecraft:dropped":{"minecraft:birch_planks":3,"minecraft:baked_potato":16,"minecraft:ender_pearl":2,"minecraft:diamond":6,"minecraft:crafting_table":2,"minecraft:glow_berries":5,"minecraft:rail":54,"minecraft:emerald":1,"minecraft:dirt":56,"minecraft:seagrass":3,"minecraft:wooden_sword":1,"minecraft:bone_meal":33,"minecraft:bone_block":28,"minecraft:iron_pickaxe":2,"minecraft:bone":36,"minecraft:gravel":1,"minecraft:cobbled_deepslate":1335,"minecraft:rotten_flesh":16,"minecraft:oak_planks":10,"minecraft:gunpowder":2,"minecraft:egg":3,"minecraft:iron_ingot":64,"minecraft:wheat_seeds":56,"minecraft:poisonous_potato":5,"minecraft:oak_fence":3,"minecraft:cobblestone":159,"minecraft:lead":2,"minecraft:granite":25,"minecraft:grass_block":4,"minecraft:stick":31,"minecraft:milk_bucket":1,"minecraft:diorite":5,"minecraft:iron_leggings":2,"minecraft:iron_shovel":2,"minecraft:string":3,"minecraft:bucket":2,"minecraft:redstone":9,"minecraft:stone_sword":1,"minecraft:raw_copper":5,"minecraft:tuff":211,"minecraft:nether_bricks":3,"minecraft:potato":83,"minecraft:shroomlight":1,"minecraft:iron_chestplate":2,"minecraft:andesite":41,"minecraft:oak_sapling":9,"minecraft:spider_eye":5,"minecraft:diamond_boots":1,"minecraft:sandstone":3,"minecraft:wooden_pickaxe":1},"minecraft:mined":{"minecraft:dark_oak_planks":1,"minecraft:spruce_planks":1,"minecraft:white_bed":2,"minecraft:cobblestone_stairs":8,"minecraft:granite":51,"minecraft:grass_block":744,"minecraft:raw_iron_block":1,"minecraft:iron_ore":144,"minecraft:cobbled_deepslate":18,"minecraft:deepslate_lapis_ore":15,"minecraft:dirt_path":3,"minecraft:spruce_slab":4,"minecraft:deepslate_redstone_ore":92,"minecraft:red_bed":1,"minecraft:torch":8,"minecraft:calcite":1,"minecraft:poppy":1,"minecraft:chest":6,"minecraft:nether_quartz_ore":10,"minecraft:cobblestone":38,"minecraft:sugar_cane":8,"minecraft:oak_planks":16,"minecraft:wall_torch":2,"minecraft:amethyst_block":1,"minecraft:birch_log":87,"minecraft:wheat":311,"minecraft:grass":133,"minecraft:oak_log":488,"minecraft:sand":1,"minecraft:dirt":114,"minecraft:smooth_basalt":8,"minecraft:netherrack":52,"minecraft:oak_leaves":112,"minecraft:deepslate":2769,"minecraft:infested_deepslate":2,"minecraft:tuff":363,"minecraft:deepslate_diamond_ore":67,"minecraft:oak_door":12,"minecraft:spruce_leaves":1,"minecraft:large_fern":1,"minecraft:hay_block":2,"minecraft:carrots":1,"minecraft:andesite":83,"minecraft:potatoes":24,"minecraft:deepslate_iron_ore":190,"minecraft:rail":52,"minecraft:warped_stem":3,"minecraft:stripped_oak_log":2,"minecraft:stone":1039,"minecraft:bone_block":28,"minecraft:basalt":28,"minecraft:oak_fence":14,"minecraft:crafting_table":12,"minecraft:emerald_ore":2,"minecraft:tall_grass":21,"minecraft:lapis_ore":4,"minecraft:deepslate_gold_ore":87,"minecraft:diorite":92,"minecraft:spruce_stairs":1,"minecraft:birch_leaves":6,"minecraft:coal_ore":307,"minecraft:gravel":153,"minecraft:gold_ore":27,"minecraft:infested_stone":1},"minecraft:broken":{"minecraft:iron_shovel":3,"minecraft:stone_pickaxe":2,"minecraft:iron_sword":1,"minecraft:iron_axe":2,"minecraft:iron_pickaxe":17,"minecraft:iron_helmet":1},"minecraft:used":{"minecraft:iron_shovel":929,"minecraft:shield":152,"minecraft:chest":12,"minecraft:iron_sword":354,"minecraft:rotten_flesh":48,"minecraft:carrot":1,"minecraft:tuff":23,"minecraft:milk_bucket":2,"minecraft:birch_sapling":10,"minecraft:bow":15,"minecraft:furnace":8,"minecraft:oak_sapling":60,"minecraft:cooked_cod":1,"minecraft:potato":25,"minecraft:diorite":8,"minecraft:stone_pickaxe":541,"minecraft:oak_planks":41,"minecraft:ender_pearl":1,"minecraft:wooden_pickaxe":19,"minecraft:diamond_axe":98,"minecraft:sand":26,"minecraft:bread":41,"minecraft:gravel":8,"minecraft:diamond_sword":207,"minecraft:wooden_sword":4,"minecraft:andesite":17,"minecraft:bone_meal":66,"minecraft:golden_pickaxe":8,"minecraft:oak_fence":125,"minecraft:cooked_salmon":6,"minecraft:oak_door":14,"minecraft:torch":162,"minecraft:dirt":371,"minecraft:granite":22,"minecraft:oak_fence_gate":4,"minecraft:wooden_axe":5,"minecraft:iron_axe":705,"minecraft:light_gray_wool":1,"minecraft:basalt":4,"minecraft:cobbled_deepslate":277,"minecraft:iron_leggings":2,"minecraft:wheat_seeds":311,"minecraft:water_bucket":2,"minecraft:cobblestone_stairs":33,"minecraft:baked_potato":117,"minecraft:birch_boat":2,"minecraft:crafting_table":23,"minecraft:red_bed":2,"minecraft:white_bed":2,"minecraft:apple":1,"minecraft:diamond_pickaxe":540,"minecraft:iron_pickaxe":4560,"minecraft:stone_axe":50,"minecraft:cobblestone":516,"minecraft:bucket":2}},"DataVersion":3465}